Life expectancy,GDP,Population
65.0,584.25921,33736494.0
59.9,612.696514,327582.0
59.9,631.744976,31731688.0
59.5,669.959,3696958.0
59.2,63.537231,2978599.0
58.8,553.32894,2883167.0
58.6,445.8932979,284331.0
58.1,373.3611163,2729431.0
57.5,369.835796,26616792.0
57.3,272.56377,2589345.0
57.3,25.2941299,257798.0
57.0,219.1413528,24118979.0
56.7,198.7285436,2364851.0
56.2,187.84595,21979923.0
55.3,117.49698,2966463.0
54.8,114.56,293756.0
77.8,3954.22783,28873.0
77.5,4575.763787,288914.0
77.2,4414.72314,289592.0
76.9,4247.61438,2941.0
76.6,4437.17868,295195.0
76.2,494.358832,291321.0
76.1,4114.136545,2927519.0
75.3,437.539647,2947314.0
75.9,363.13685,29717.0
74.2,35.1293,2992547.0
73.5,279.142931,311487.0
73.0,2416.588235,326939.0
72.8,189.681557,339616.0
73.3,1453.642777,3511.0
73.6,1326.97339,36173.0
72.6,1175.788981,38927.0
75.6,4132.76292,39871528.0
75.4,547.8517,39113313.0
75.3,5471.866766,38338562.0
75.1,5564.82566,37565847.0
74.9,5432.2523,36819558.0
74.7,4463.394675,36117637.0
74.4,3868.83123,3546576.0
74.1,495.254866,3486715.0
73.8,3935.183343,34376.0
73.4,3464.6179,33777915.0
72.9,31.122378,33288437.0
72.3,2598.9823,3283196.0
71.7,294.33556,3243514.0
71.6,1774.33673,3199546.0
71.4,1732.857979,31592153.0
71.3,1757.17797,3118366.0
52.4,3695.793748,2785935.0
51.7,479.31224,2692466.0
51.1,484.616884,2599834.0
56.0,4598.249988,259615.0
51.0,4299.12889,24218565.0
49.6,3529.53482,23369131.0
49.1,3347.84485,22549547.0
48.7,3868.578883,2175942.0
48.2,2878.837144,2997687.0
47.7,262.415149,2262399.0
47.4,1443.991929,19552542.0
47.1,141.86844,18865716.0
46.8,779.468356,1823369.0
46.5,711.181716,17572649.0
45.7,526.168743,16983266.0
45.3,555.2969419,1644924.0
76.3,13467.1236,43417765.0
76.2,12245.25645,42981515.0
76.0,12976.63642,42539925.0
75.9,12969.7712,4296739.0
75.7,12726.9836,41656879.0
75.5,1276.265,41223889.0
75.6,8161.36966,479947.0
75.4,8953.359275,4382389.0
74.8,7193.61764,3997224.0
75.2,5878.76127,3955889.0
74.9,576.883829,39145488.0
74.7,4251.574348,38728696.0
74.1,333.4376,3839379.0
74.1,2579.193168,3788937.0
74.0,717.694674,3747159.0
74.1,7669.273916,3757452.0
74.8,369.654776,291695.0
74.6,3994.712355,29622.0
74.4,3843.591213,289359.0
74.4,3684.8481,2881922.0
73.9,3526.978143,2875581.0
73.5,3218.381655,2877311.0
73.3,2993.832531,2888584.0
73.2,41.26997,29822.0
73.5,3138.8873,293356.0
72.9,2158.299,29585.0
73.0,1643.758397,2981259.0
73.0,1191.96192,3612.0
72.7,93.1661567,31786.0
72.6,783.261699,333897.0
72.6,694.435119,35655.0
72.0,622.7427477,369588.0
82.8,56554.3876,23789338.0
82.7,62214.6912,2346694.0
82.5,67792.3386,23117353.0
82.3,67677.63477,22728254.0
82.0,62245.129,223424.0
81.9,51874.848,223175.0
81.7,42742.99898,216917.0
81.3,49664.6854,212492.0
81.3,4991.98289,28276.0
81.2,36118.28381,26979.0
81.0,3416.71483,23948.0
86.0,3472.37977,21274.0
83.0,23465.38559,198954.0
79.9,281.81763,196514.0
79.9,19517.84168,19413.0
79.5,2169.921,19153.0
81.5,43665.947,8633169.0
81.4,51322.63997,8541575.0
81.1,554.71532,8479375.0
88.0,48333.57273,8429991.0
88.0,51126.74139,8391643.0
84.0,46657.629,836344.0
82.0,47654.18721,8343323.0
84.0,51386.37665,8321496.0
81.0,46586.6525,8295487.0
79.8,443.99361,8268641.0
79.4,38242.4252,8227829.0
79.3,36693.4262,8171966.0
78.8,3212.9355,8121423.0
78.7,26351.37568,881957.0
78.6,24489.73553,842293.0
78.1,24517.26745,811566.0
72.7,55.31382,9649341.0
72.5,7891.299776,953579.0
72.2,7875.756953,941681.0
71.9,7496.335728,9295784.0
71.6,7189.691229,917382.0
71.1,5842.85784,954332.0
78.0,495.294791,8947243.0
73.0,5574.6382,87634.0
73.0,3851.437869,85813.0
69.2,2473.85776,848455.0
68.4,1578.4239,839185.0
68.4,145.2163,8365.0
67.8,883.6439965,82341.0
67.8,763.73858,817195.0
67.5,73.6838434,81112.0
66.6,655.974326,8486.0
71.8,121.15812,1612886.0
71.4,184.56543,15945279.0
71.0,951.8894535,157571292.0
77.0,856.342857,15572753.0
73.0,835.789341,153911916.0
69.9,757.6717572,15214912.0
69.5,681.125368,1545478.0
69.1,615.7775411,14885814.0
68.6,541.651484,147139191.0
68.2,494.51466,1453684.0
67.8,484.155471,14343111.0
67.3,46.7579167,14137489.0
66.8,432.7388972,139191.0
66.3,4.6135745,1366667.0
65.8,42.5981152,1341716.0
65.3,45.63371,131581243.0
72.3,5949.11677,9489616.0
72.0,8318.429294,9474511.0
71.7,7978.825443,9465997.0
71.9,694.243915,9464495.0
72.0,6519.71753,9473172.0
73.0,63.38877,949583.0
70.0,5176.172649,956765.0
70.0,6376.183153,9527985.0
69.8,4735.484827,956953.0
68.9,3848.215966,964924.0
68.1,3126.71767,9663915.0
68.2,2378.33927,973146.0
67.7,1819.525644,9796749.0
67.2,1479.383142,9865548.0
67.7,1244.373185,9928549.0
68.0,1276.28834,997961.0
81.1,4356.875,11274196.0
89.0,47439.39684,112957.0
87.0,4651.38647,11182817.0
83.0,4474.5717,11128246.0
83.0,4772.77415,1147744.0
80.0,4438.23741,1895586.0
79.8,4488.5615,1796493.0
79.5,48424.58927,179973.0
79.5,4443.83131,16257.0
79.4,38852.3613,1547958.0
78.9,36967.28292,1478617.0
78.8,35589.71295,1421137.0
78.3,3743.95693,1376133.0
78.0,2552.3328,1332785.0
78.0,23121.56635,128657.0
77.6,2327.4591,125125.0
71.0,4849.997495,359288.0
70.0,4852.223666,351694.0
69.8,4688.538443,344181.0
69.4,4673.63848,33671.0
69.4,4516.24675,329192.0
69.5,4344.15177,32168.0
69.5,4258.788611,313929.0
69.6,447.22796,36165.0
69.6,4324.876427,29847.0
69.4,4187.3783,29747.0
69.0,3933.332215,283277.0
68.7,3831.53819,27689.0
68.4,3679.99523,26913.0
68.5,3556.561825,26226.0
68.2,3419.275719,254984.0
68.3,3364.423711,247315.0
60.0,783.94791,1575952.0
59.7,943.686575,1286712.0
59.5,915.2674586,14451.0
59.3,837.9551,972916.0
59.1,825.9427854,94682.0
58.7,757.695974,9199259.0
58.4,793.45243,894476.0
57.6,82.1513498,8696916.0
57.1,76.535419,8454791.0
56.8,625.8392,8216896.0
56.5,61.799977,7982225.0
56.1,583.493514,7754.0
55.8,519.2922847,752555.0
55.6,418.6985763,7295394.0
55.5,378.73654,776733.0
55.4,374.1923942,6865951.0
69.8,2613.645177,787386.0
69.4,2522.7968,776448.0
69.1,235.882889,764961.0
68.7,2422.816,752967.0
68.3,2458.45976,7451.0
67.9,2178.921383,727641.0
67.4,177.234497,714458.0
67.0,1795.18137,795.0
66.5,1741.142552,686958.0
65.8,1335.45696,672228.0
65.0,1247.61392,656639.0
64.2,197.45788,64282.0
63.3,997.7417141,623434.0
62.5,885.6382245,66399.0
61.7,87.9387673,5896.0
62.0,765.8632358,573416.0
77.4,4574.9787,3535961.0
77.2,5193.94932,35662.0
77.0,535.86555,364999.0
76.8,4716.673325,36482.0
76.9,55.156834,3688865.0
76.4,4611.47298,372284.0
76.1,4697.89732,3746561.0
76.0,575.31664,3763599.0
75.4,418.292176,3774.0
75.7,344.321698,3779468.0
75.0,2968.41186,378153.0
75.5,265.642661,3781287.0
75.2,2214.732246,3779247.0
75.4,1761.537647,377587.0
74.9,1524.41222,3771284.0
74.6,1461.7552,376676.0
65.7,6532.651,229197.0
65.1,7497.762376,2168573.0
64.2,77.625783,212857.0
63.4,729.231453,289315.0
62.2,7645.21469,251339.0
61.1,6346.15624,214866.0
59.2,5185.729845,1979882.0
57.5,5623.379566,1946351.0
56.9,5714.47937,1914414.0
54.8,5374.554867,1884238.0
51.7,5351.253732,1855852.0
48.1,4896.583835,182933.0
46.4,4163.6596,184339.0
46.0,355.618382,1779953.0
46.7,3128.97793,1754935.0
47.8,3349.68823,172834.0
75.0,8757.2622,2596218.0
74.8,1226.61731,24213133.0
74.7,12216.9446,2248632.0
74.5,12291.46685,256983.0
74.1,13167.47289,198686688.0
73.8,11224.1548,196796269.0
73.6,8553.3847,194895996.0
73.4,8787.61375,19297929.0
73.3,7313.557962,19126637.0
73.0,586.145975,18912412.0
72.7,477.182746,186917361.0
72.0,3623.47667,184738458.0
71.8,359.587582,182482149.0
71.4,2819.649531,1815121.0
71.0,3146.95177,1777567.0
75.0,3739.11936,175287587.0
74.5,6993.47736,7177991.0
74.3,7853.335191,7223938.0
74.1,7674.86559,7265115.0
73.9,7378.25539,735888.0
73.7,7813.83499,7348328.0
73.4,6843.263289,7395599.0
73.2,6955.987733,7444443.0
72.9,7296.122479,7492561.0
72.6,5932.899677,7545338.0
72.2,4513.13628,76122.0
72.1,3893.68998,7658972.0
72.2,3381.57837,771686.0
72.0,271.46824,7775327.0
71.8,287.534843,7837161.0
71.6,1764.97387,89142.0
71.1,169.28586,817172.0
59.9,615.592225,1811624.0
59.3,75.1464113,17585977.0
59.0,699.452847,1772723.0
58.6,673.8227,16571216.0
58.1,666.842783,168194.0
57.5,575.4464527,1565217.0
56.9,552.7455521,1514199.0
56.1,569.7612784,14689726.0
55.3,475.11122,1425221.0
54.3,422.6332374,13829177.0
53.3,46.998871,1342193.0
52.4,371.323865,133569.0
51.6,332.344351,12654621.0
51.0,26.7635413,122931.0
56.0,235.4912324,11944587.0
51.0,226.4759814,1167942.0
59.6,33.681223,119927.0
59.1,312.7489794,989179.0
58.6,282.7555252,96186.0
58.0,265.285651,931971.0
57.4,26.479973,94358.0
56.8,231.1943256,876693.0
56.2,24.944652,848931.0
55.3,196.2472628,8212264.0
54.8,17.79995,7939573.0
54.1,165.8794176,7675338.0
53.4,15.57434,7423289.0
52.6,127.4296648,7182451.0
51.9,112.849373,6953113.0
51.5,122.4335893,6741569.0
51.3,133.7427689,6555829.0
58.0,135.9984455,6476.0
73.3,2954.119467,532913.0
73.0,3529.61843,526437.0
72.8,3558.796314,5216.0
72.7,348.482762,513979.0
72.6,367.429453,5867.0
72.5,3312.825985,52384.0
72.4,3444.5566,496963.0
72.4,3638.95946,491723.0
72.3,3112.285712,486438.0
72.1,234.28992,48795.0
71.8,248.13459,474567.0
71.4,1976.45856,467664.0
71.1,1768.92132,46147.0
77.0,1373.515636,45216.0
73.0,1268.884564,443716.0
69.9,1239.377855,43579.0
68.7,1163.18977,15517635.0
68.3,198.687123,152779.0
67.8,128.419568,1522692.0
67.4,95.244132,14776866.0
67.0,882.491462,14537886.0
66.6,785.6928841,143874.0
66.1,738.2326684,14928.0
65.6,745.7877873,138859.0
65.0,631.675789,13676693.0
64.1,539.8791529,13474489.0
62.9,474.2238766,132721.0
61.5,48.615184,1363377.0
63.0,362.4213785,12853124.0
59.3,339.676984,12634729.0
58.5,321.22634,1242473.0
57.7,3.685949,12152354.0
57.3,1244.429421,22834522.0
56.7,1441.1417,2223994.0
56.4,1365.34419,21655715.0
55.9,1255.648189,2182383.0
55.6,1295.649726,252447.0
55.3,1182.869227,1997495.0
54.8,123.19538,19432541.0
54.2,1233.524316,18978.0
53.6,111.71186,18395389.0
53.3,12.989164,17899562.0
52.8,952.1872484,1742795.0
52.1,93.211716,1695981.0
51.8,824.8689393,16513822.0
51.6,676.397661,1684886.0
51.5,614.6729339,15671927.0
51.4,68.414399,15274234.0
82.2,43315.744,3584861.0
82.0,544.43376,35544564.0
81.8,52413.72116,35155451.0
81.6,52496.69487,3475545.0
81.5,5282.2176,3434278.0
81.2,47447.4762,345274.0
81.0,4773.45436,33628571.0
87.0,46596.33599,33245773.0
85.0,44544.5268,32887928.0
85.0,4386.69948,325755.0
81.0,36189.58838,32312.0
80.0,31979.87195,31995.0
79.7,28172.14883,31676.0
79.5,24167.8431,31362.0
79.4,23691.59472,31819.0
79.1,24124.16917,37697.0
52.5,348.381417,45461.0
58.0,377.132274,4515392.0
49.9,337.4849614,4499653.0
53.0,486.41114,449416.0
49.8,494.336779,4476153.0
49.2,446.4434494,4448525.0
48.6,449.961839,44423.0
47.6,456.8614334,4345386.0
46.8,397.148467,42758.0
46.3,347.673678,421758.0
45.9,327.1149461,412791.0
45.7,313.21598,45536.0
45.7,286.25819,3981665.0
45.6,253.768343,397612.0
45.6,243.1586486,383223.0
46.0,243.5429317,3754986.0
53.1,777.248751,149413.0
52.6,125.998515,13569438.0
52.2,986.13177,13133589.0
51.8,973.472574,1275135.0
51.6,989.2363633,12288651.0
51.2,896.5697341,1188722.0
57.0,84.455939,1152786.0
49.6,929.772391,11133861.0
49.4,81.683884,177578.0
48.5,712.1847694,1421597.0
48.6,66.2421396,1679.0
48.5,454.6765879,97143.0
48.4,292.5914364,935321.0
48.1,22.854821,91689.0
48.0,197.3156442,866312.0
47.6,166.231785,8342559.0
85.0,13653.2264,17762681.0
83.0,14817.37778,17613798.0
81.0,15941.39722,17462982.0
79.9,15431.9293,1739746.0
79.8,1475.69242,17153357.0
79.1,1286.17764,16993354.0
79.3,1243.32824,16829442.0
79.6,1781.3668,16661942.0
78.9,1526.87746,16491687.0
78.9,9484.681227,16319792.0
78.4,7615.3468,1614764.0
78.0,621.828325,15973778.0
77.9,4787.699532,15799542.0
77.8,4463.545867,15623635.0
77.3,4595.666327,15444969.0
77.3,511.368479,15262754.0
76.1,869.211938,137122.0
75.8,7683.5238,136427.0
75.6,777.77594,135738.0
75.4,6337.882993,135695.0
75.2,5633.79616,134413.0
75.0,456.512487,133775.0
74.9,3838.434292,133126.0
74.5,3471.247547,1324655.0
74.4,2695.366223,1317885.0
74.2,299.229676,13112.0
73.9,1753.4178,13372.0
73.5,158.668462,129675.0
73.1,1288.642924,12884.0
72.7,1148.5857,1284.0
72.2,153.1824,127185.0
71.7,959.372181,1262645.0
74.8,644.525556,48228697.0
74.6,7913.383432,47791911.0
74.4,83.5863,47342981.0
74.3,7884.984429,46881475.0
74.2,7227.73968,4646646.0
73.6,625.65544,4591897.0
73.6,5148.422113,45416181.0
73.5,5433.7245,4491544.0
73.5,4674.21961,44374572.0
73.1,379.78776,43835722.0
73.1,3386.256,43285634.0
72.8,274.249442,42724163.0
72.4,2246.257472,42152151.0
71.8,2355.725857,41572491.0
71.5,2395.856551,498899.0
71.4,2472.197831,443958.0
63.5,727.6463868,777424.0
63.2,852.954379,759385.0
62.9,834.341949,7415.0
62.5,788.632653,723868.0
62.2,829.7586885,76569.0
61.8,769.1742883,689692.0
61.3,778.5454199,673252.0
61.0,795.97519,657229.0
66.0,72.759313,64162.0
63.0,648.38717,626425.0
60.0,621.93372,611627.0
59.8,616.4197236,597228.0
59.6,544.566526,583211.0
59.5,433.2691451,569479.0
59.5,395.9319363,555888.0
59.5,375.8528566,542357.0
79.6,1146.36273,487852.0
79.5,1647.44179,4757575.0
79.4,1569.66631,47641.0
79.2,9985.36959,4654122.0
79.0,9186.59639,46474.0
78.1,8199.414621,454528.0
79.2,689.396224,4488263.0
78.9,6911.136136,442958.0
78.9,612.623418,4369469.0
78.0,5245.187372,438794.0
78.6,4697.11135,4247841.0
77.7,4425.57467,418738.0
78.0,4167.71417,4125971.0
78.3,462.14965,46324.0
77.5,3981.52847,3996798.0
77.6,388.363689,3925443.0
78.0,11579.6674,42364.0
77.8,13467.46827,4238389.0
77.7,13574.749,4255689.0
77.1,13235.97757,4267558.0
77.0,14539.18421,428622.0
76.6,1355.74586,4417781.0
76.3,14157.14416,442978.0
76.0,15893.8656,443458.0
75.8,13546.69872,4436.0
75.9,11363.41845,444.0
75.2,1224.2459,4442.0
75.4,9365.742468,4439.0
74.7,785.881418,444.0
74.8,653.71637,444.0
74.9,5245.421419,444.0
74.7,4919.62869,4426.0
85.0,2375.1127,116985.0
83.0,2734.88382,115239.0
81.0,2797.96736,1143896.0
80.0,28951.15556,113562.0
79.7,32233.83942,1124835.0
79.5,3818.46396,111267.0
79.3,3215.8159,19876.0
79.1,3539.7488,181563.0
78.9,31386.63265,163712.0
78.8,27169.99256,14559.0
78.7,25324.48666,127658.0
78.6,23932.49128,1141.0
78.5,2293.4789,993563.0
78.4,16372.29152,976966.0
78.2,1562.92433,96282.0
78.1,14672.8826,943286.0
86.0,5314.64416,5683483.0
84.0,62425.5392,5643475.0
81.0,61191.19263,5614932.0
80.0,5857.521,5591572.0
79.7,61753.667,557572.0
79.2,5841.41122,5547683.0
78.9,58163.29359,552395.0
78.8,64322.6664,5493621.0
78.4,58487.451,5461438.0
78.1,5226.99311,5437272.0
78.1,48799.8237,5419432.0
77.7,46511.6457,544523.0
77.3,4458.7764,539574.0
77.0,33228.69291,5375931.0
77.0,3751.64946,5358783.0
76.9,3743.55917,5339616.0
63.5,1862.167274,927414.0
63.0,174.91511,912164.0
62.7,1622.637974,896688.0
62.2,1536.15685,881185.0
61.8,143.986898,865937.0
61.3,1325.99724,851146.0
69.0,1253.657431,83684.0
62.0,1214.77118,822934.0
59.8,147.586896,8942.0
59.1,965.6693779,79628.0
58.6,94.7297489,783254.0
58.1,864.184726,77752.0
58.0,819.974118,758615.0
57.9,792.15412,746221.0
57.7,781.2322196,732711.0
57.4,768.176767,717584.0
73.9,6468.471648,1528394.0
73.6,6268.692122,145844.0
73.4,627.55544,1281296.0
72.1,5968.876767,115495.0
73.1,5759.643,12795.0
72.7,5451.6696,9897985.0
73.6,4952.67753,9767758.0
73.3,511.37937,963652.0
72.9,4647.31359,954353.0
72.3,3836.468771,9371338.0
69.7,3681.5993,9237566.0
69.3,2421.9662,912998.0
73.0,2372.628827,896776.0
71.4,38.46578,8832285.0
71.2,2862.154836,8697126.0
72.0,282.4242,8562622.0
76.2,625.62224,16144368.0
76.0,6432.216537,1593112.0
76.0,674.9829,15661547.0
75.5,572.14313,15419666.0
75.3,5223.351763,15177355.0
75.0,4657.32361,1493469.0
75.1,4255.56571,14691275.0
74.6,4274.95265,14447562.0
74.7,359.71886,1425453.0
74.4,335.786541,1396748.0
74.2,321.942547,13735233.0
74.4,278.557892,1359647.0
74.4,244.46898,1328961.0
73.6,2183.966796,13726.0
73.4,193.741571,12852755.0
72.8,1451.29776,12628596.0
73.5,4127.11775,6312478.0
73.3,3988.771871,6281189.0
73.0,3895.664491,625777.0
73.0,3827.786267,6221246.0
72.0,3736.58713,619256.0
72.0,3474.392445,6164626.0
71.4,3366.482133,6137276.0
71.7,357.347674,61131.0
71.2,334.83817,683475.0
75.0,362.951768,656478.0
71.0,2835.281237,628961.0
70.0,2632.79942,6775.0
69.9,2519.737387,5971535.0
73.0,248.4125,59433.0
68.9,2338.772244,595962.0
69.0,2238.4116,5867626.0
58.2,1347.31257,1175389.0
57.9,192.59733,1129424.0
57.4,2246.9938,183746.0
56.7,21557.6528,138593.0
56.2,21451.88617,99429.0
56.1,17136.44568,95114.0
55.7,1653.2937,99111.0
55.4,22742.38159,868418.0
55.0,15761.83913,829327.0
54.8,12732.2759,792217.0
54.4,185.63334,757317.0
54.1,685.34897,724817.0
53.8,3577.176197,694611.0
53.5,2711.17114,66647.0
53.1,2283.87939,639762.0
52.7,172.68491,614323.0
62.9,582.775532,447469.0
62.1,482.14994,43984.0
61.4,43.7544499,431334.0
67.0,326.825642,4232636.0
62.0,317.3294336,4153332.0
59.7,297.828588,466648.0
59.4,276.75896,39697.0
59.1,287.4222243,3858623.0
58.8,232.7945459,3738265.0
58.5,21.7687981,3614639.0
58.1,215.139213,3497124.0
45.3,28.1969487,339281.0
77.6,1774.9291,131547.0
77.3,19941.45532,1314545.0
76.9,1929.7746,1317997.0
76.3,17421.8922,1322696.0
76.1,17454.84342,1327439.0
75.6,14638.6482,1331475.0
74.9,14726.31828,1334515.0
74.2,1894.5485,13379.0
73.0,16586.452,13468.0
73.0,12595.4165,134681.0
72.8,1338.31322,1354775.0
72.3,885.465115,136255.0
71.9,7174.237415,13772.0
71.2,538.347781,137935.0
78.0,4498.95727,1388115.0
78.0,47.32827,1396985.0
64.8,645.4637627,9987333.0
64.2,571.1622759,97366774.0
63.7,52.1535887,94887724.0
63.3,468.567249,92444183.0
62.6,354.8463544,946756.0
61.8,341.39992,877267.0
68.0,379.7566385,85416253.0
59.8,325.3825543,83184892.0
58.5,243.326822,8149.0
57.2,193.794956,7885689.0
56.0,161.6266248,7672783.0
55.0,135.7623858,7462445.0
54.0,118.8734466,72545144.0
53.2,111.3634356,7497192.0
52.5,12.1789279,68492257.0
51.2,123.876257,66537331.0
69.9,4921.89629,892149.0
69.7,546.3728,88586.0
69.6,4763.68956,879715.0
69.4,4546.73854,873596.0
69.2,4353.121392,86786.0
69.1,3651.966784,85995.0
68.9,3369.48247,851967.0
68.7,4177.657789,84334.0
68.6,478.82327,834812.0
68.5,3749.939813,827411.0
68.3,3658.63832,821817.0
68.1,3332.918533,818354.0
68.0,2835.973972,816628.0
67.9,2259.55796,815691.0
67.8,238.891729,814218.0
67.7,276.1338,811223.0
81.1,4245.39744,5479531.0
89.0,49914.61864,5461512.0
87.0,49638.7713,5438972.0
84.0,47415.55987,5413971.0
83.0,579.72415,5388272.0
79.9,4622.41516,5363352.0
79.7,4717.15571,5338871.0
79.6,5341.31487,5313399.0
79.3,48288.5491,528872.0
79.2,4112.67651,5266268.0
78.9,38969.17163,524696.0
78.7,37636.11173,5228172.0
78.4,32816.1688,521314.0
78.1,26834.2625,52598.0
78.0,24913.24452,51888.0
77.5,24253.2542,517629.0
82.4,36526.7711,6662468.0
82.2,42955.24287,66331957.0
82.0,42554.1225,6599857.0
81.5,4838.2444,6565979.0
81.7,4381.288,65342776.0
81.3,473.34279,6527512.0
81.1,41631.13141,647744.0
89.0,45413.6571,6437499.0
89.0,416.58397,6416229.0
86.0,36544.5853,63621376.0
81.0,34879.72633,63179356.0
82.0,33874.74255,6274897.0
79.3,29691.18158,62244884.0
79.2,24275.2426,6185267.0
79.0,22527.31775,61357431.0
78.8,22465.64184,6912498.0
66.0,7388.984144,193175.0
65.5,9692.163874,1875713.0
64.6,9679.742995,1817271.0
63.5,9774.18117,1756817.0
62.8,1716.2258,169711.0
62.3,8754.113376,16421.0
61.7,763.66223,1586754.0
61.6,194.2746,1536411.0
61.6,8352.81711,1489193.0
61.4,727.777345,1444844.0
65.0,6741.293948,143126.0
59.7,5685.577736,136425.0
59.7,4892.11618,1328146.0
59.7,412.55271,129449.0
59.8,3976.14887,1262259.0
61.0,4116.46693,1231122.0
74.4,3764.64912,37171.0
74.5,4429.6575,3727.0
74.5,4274.376857,3776.0
74.2,4142.869175,3825.0
73.9,3725.63221,3875.0
73.8,2964.47734,3926.0
73.2,276.588512,3978.0
73.9,3174.9491,43.0
74.4,2492.12878,482.0
73.9,1872.68416,4136.0
73.9,153.57521,419.0
72.3,127.367228,4245.0
72.7,928.18227,431.0
71.7,779.3845935,4357.0
73.0,733.974142,43864.0
71.8,691.997711,44183.0
81.0,41176.88158,81686611.0
89.0,4792.65288,89825.0
86.0,4653.91143,864565.0
86.0,4465.24891,8425823.0
85.0,4681.32796,8274983.0
81.0,41785.55691,8177693.0
80.0,41732.7725,819237.0
79.9,45699.19832,821197.0
79.8,41814.8191,82266372.0
79.6,36447.87232,82376451.0
79.2,34696.6292,82469422.0
79.1,34165.9343,8251626.0
78.5,3359.95215,82534176.0
78.4,2525.16445,82488495.0
78.3,23687.31689,82349925.0
78.0,23718.7467,8221158.0
62.4,1361.11395,27582821.0
62.1,1432.227943,26962563.0
61.9,1814.492297,26346251.0
61.6,1629.8222,2573349.0
61.2,1574.978653,25121796.0
69.0,1312.67557,2451214.0
66.0,186.76538,2393831.0
63.0,1224.41554,2329864.0
59.9,19.686718,227212.0
59.4,922.9351677,22113425.0
58.9,498.172394,215429.0
58.3,423.1936389,2986536.0
57.9,373.2815537,2446782.0
57.6,39.484473,19924522.0
57.4,273.6596668,1942165.0
57.2,263.1124679,18938762.0
81.0,187.78991,182883.0
88.0,21673.7817,1892413.0
86.0,21874.8195,1965211.0
84.0,22242.68193,114511.0
85.0,25916.29353,1114899.0
83.0,26917.75898,11121341.0
80.0,2971.973,111717.0
79.9,31997.2821,1177841.0
79.4,28827.32636,1148473.0
79.7,2481.15781,112362.0
79.3,22551.73574,1987314.0
79.2,21955.149,1955141.0
79.1,18477.57841,19287.0
79.0,1411.31339,19222.0
78.7,12538.17883,1862132.0
78.2,1242.95373,18588.0
71.9,3923.573344,16252429.0
71.7,3687.763767,15923559.0
71.4,3452.828934,15596214.0
71.3,3299.65139,1527156.0
71.1,3187.845296,14948919.0
77.0,2825.5247,1463417.0
76.0,2635.753474,1431628.0
79.0,2794.22189,146366.0
75.0,2489.955836,137286.0
69.7,2256.56724,133978.0
69.2,277.83438,139628.0
69.6,1872.73783,12796925.0
69.4,1753.349471,125478.0
69.3,171.771491,1228848.0
68.4,1568.376276,11924946.0
67.7,1655.596261,1165743.0
59.0,554.48766,1291533.0
58.1,561.997387,118559.0
58.8,54.169324,11536615.0
58.4,52.3485646,11281469.0
58.1,459.2912,113517.0
57.8,438.7513346,179417.0
57.3,436.6895539,1556524.0
56.8,437.4467238,1323142.0
56.4,49.456775,196727.0
55.6,296.68382,9881428.0
54.7,33.424498,9679745.0
54.0,386.3288283,949229.0
53.3,37.1931781,939848.0
52.9,322.811171,9137345.0
52.5,315.83983,8971139.0
52.5,34.516918,888546.0
58.9,596.8717189,177526.0
58.4,642.6256154,1725744.0
58.1,61.566347,1681495.0
57.6,67.7518833,1638139.0
57.1,692.69989,1596154.0
56.7,543.957418,155588.0
56.3,544.222779,1517448.0
55.6,583.5445622,148841.0
55.0,481.694976,1445958.0
54.4,418.94454,1412669.0
53.9,424.9534585,138838.0
53.5,393.3138244,135345.0
53.0,36.5718585,132122.0
52.8,321.481324,1293523.0
52.5,39.486749,1267512.0
52.1,297.7519443,1243229.0
66.2,4136.689919,768514.0
66.0,43.82321,763393.0
65.9,3944.178173,75881.0
65.8,3785.935665,75391.0
65.6,3439.597513,7491.0
65.9,326.281212,746556.0
66.1,2716.35256,745693.0
66.3,2576.124957,746314.0
65.7,2327.58324,747869.0
65.2,1945.6395,74961.0
65.0,198.455216,75946.0
65.1,145.58861,751652.0
65.3,986.7958173,751857.0
65.3,96.8674827,751884.0
65.4,925.582546,752263.0
65.4,946.599372,75331.0
63.5,814.5463952,171161.0
63.1,83.1148117,1572466.0
62.7,81.265673,1431776.0
62.3,766.8437623,128921.0
62.3,74.9358452,114554.0
36.3,662.2795182,9999617.0
62.5,668.297646,985287.0
62.1,674.7564147,97529.0
61.8,615.8198192,9556889.0
61.1,55.47626,949457.0
65.0,465.311876,926344.0
58.7,387.9429725,9119178.0
59.7,329.782946,8976552.0
59.3,393.16327,8834733.0
58.9,413.7383164,8692567.0
58.6,462.486524,85492.0
74.6,2326.15856,896829.0
74.5,2242.711912,889216.0
74.3,2136.77395,8657785.0
74.1,2178.38325,855646.0
73.9,212.584798,83516.0
73.6,1932.85829,8194778.0
73.4,1815.489496,83521.0
73.2,1751.595857,7872658.0
73.0,1592.572182,777972.0
72.8,1437.628785,754146.0
72.5,1311.741714,737343.0
72.2,1217.657961,724153.0
71.9,1157.3427,733821.0
71.6,1132.8721,6863157.0
71.3,113.4546,669361.0
71.0,188.783165,6524283.0
75.8,12365.6263,984328.0
75.6,14117.97668,9866468.0
75.5,13613.6147,989382.0
75.0,12834.32349,992362.0
74.8,1448.87958,9971727.0
74.5,1325.53379,123.0
74.2,12967.16543,12265.0
74.1,15669.25929,138188.0
73.5,13842.6549,15578.0
73.4,11398.76584,17137.0
72.9,11161.72441,18765.0
72.9,1259.5266,117146.0
72.5,8396.25323,1129552.0
72.5,665.6443,115868.0
72.3,527.85364,1187576.0
71.7,4623.46712,121971.0
82.7,5734.4436,33815.0
82.5,52473.11356,327386.0
82.4,4781.3888,323764.0
82.5,44333.8518,32716.0
82.1,46.217,31914.0
81.8,41676.44527,31841.0
81.6,4461.89251,318499.0
81.4,55575.29196,317414.0
81.3,68348.31817,311566.0
81.1,5613.54115,33782.0
81.0,56249.7555,296734.0
88.0,46917.27216,29274.0
87.0,3944.999,289521.0
84.0,31996.2172,287523.0
80.0,28585.9254,284968.0
79.7,31813.37344,28125.0
68.3,1613.18878,1395398.0
68.0,1573.11889,1293859294.0
67.6,1452.195373,127856227.0
67.3,1446.98541,126365852.0
66.8,1461.671957,124723629.0
66.4,1345.77153,12398691.0
66.0,19.317765,121427132.0
65.5,991.484634,119714696.0
65.2,118.166373,1179681239.0
64.8,792.259698,1161977719.0
64.4,77.819,1144118674.0
64.0,621.3183767,1126135777.0
63.7,541.1352279,11827848.0
63.3,466.2842,18987112.0
62.9,447.138966,171477855.0
62.5,438.864634,1535912.0
69.1,3336.16686,258162113.0
68.9,3491.595887,255131116.0
68.7,362.663981,25232263.0
68.5,3687.953996,248883232.0
68.3,3634.27685,24577511.0
68.1,3113.48635,242524123.0
67.9,2254.44566,23934478.0
67.7,216.52766,236159276.0
67.5,1855.93915,232989141.0
67.3,1586.254,22983822.0
67.2,126.928834,22671273.0
65.3,1148.56996,223614649.0
66.9,164.59447,22545214.0
66.7,899.5556857,2175859.0
66.5,747.9817455,2145652.0
66.3,78.92744,21154429.0
68.9,4974.2693,36115649.0
67.9,673.74737,3568.0
69.5,6925.22446,33883145.0
76.0,6651.12242,32776571.0
77.0,5854.614497,3172753.0
76.0,452.74948,376271.0
74.0,3735.144836,29894652.0
69.3,4521.3247,29111417.0
65.9,3129.224922,2839433.0
64.7,2351.812429,27697912.0
66.8,1849.63911,278426.0
67.2,1391.816923,2631669.0
81.4,6664.144,4676835.0
81.2,5553.32623,4617225.0
81.0,5234.76736,4598294.0
85.0,49231.36254,4586897.0
84.0,52567.52568,4576794.0
86.0,48538.58776,456155.0
79.7,51983.78892,4535375.0
79.8,61235.415,4489544.0
79.5,61388.17457,4398942.0
79.0,54326.9713,4273591.0
78.7,5886.82789,4159914.0
78.3,47631.6377,47262.0
78.0,4117.15532,3996521.0
77.4,32539.1937,3931947.0
77.0,28223.55528,3866243.0
76.4,26241.91883,385174.0
82.5,35729.37253,8381.0
82.2,37582.84624,82157.0
82.1,36393.66932,8595.0
81.8,32569.59683,7915.0
81.8,33657.15727,77658.0
81.7,3661.994,76236.0
81.5,27795.87671,74856.0
81.0,29657.4421,7388.0
84.0,258.637,7181.0
84.0,2195.1769,7537.0
80.0,2611.17931,6931.0
81.0,19888.172,689.0
79.7,18946.99942,66897.0
79.3,18431.15696,657.0
79.3,236.19646,6439.0
78.9,2152.1432,6289.0
82.7,349.14755,673582.0
82.5,35396.66517,678914.0
82.3,3537.27441,6233948.0
82.0,34814.12436,59539717.0
82.0,38334.68477,59379449.0
81.8,35849.37364,59277417.0
81.6,36976.84512,5995365.0
81.5,464.18465,58826731.0
81.3,37698.78573,5843831.0
81.2,3341.7482,58143979.0
88.0,31959.26215,57969484.0
89.0,31174.56118,57685327.0
79.9,27387.2258,5731323.0
80.0,22196.5736,57597.0
79.8,24.819,569741.0
79.4,251.2426,5694218.0
76.2,4965.989857,2871934.0
75.8,4855.743789,286287.0
75.6,56.144952,285187.0
75.3,521.33363,284992.0
75.2,513.549487,2829493.0
75.0,4682.728424,281721.0
74.7,4293.383274,28482.0
74.5,492.492378,279122.0
74.2,462.517913,2775467.0
74.0,4313.1682,276279.0
73.5,482.24762,2744673.0
73.3,3719.97351,2728777.0
73.1,3465.221998,2712511.0
73.0,3596.496282,2695446.0
72.7,3394.878,267711.0
72.6,336.8742,2656864.0
83.7,34474.13736,127141.0
83.5,3896.21151,127276.0
83.5,4454.44746,127445.0
83.3,4863.47665,127629.0
82.5,48167.99727,127833.0
83.0,4457.67639,1287.0
83.0,4855.17564,12847.0
82.7,39339.29757,12863.0
82.6,35275.22843,1281.0
82.4,35433.98896,127854.0
82.0,37217.64873,127773.0
82.1,37688.72234,127761.0
81.9,3488.3992,127718.0
81.8,32289.3554,127445.0
81.5,33846.46564,127149.0
81.1,38532.488,126843.0
74.1,496.99275,915932.0
74.0,466.94775,88936.0
73.9,3992.86717,8413464.0
73.7,387.753211,7992573.0
73.6,387.324145,7574943.0
73.4,3679.19275,718239.0
73.3,3492.1396,6821116.0
73.1,3385.69665,6489822.0
73.0,2762.86354,6193191.0
72.8,2537.349,5934232.0
72.4,223.83787,5714111.0
72.5,261.456882,5535595.0
72.3,1889.213962,5396774.0
72.1,1812.288374,5287488.0
71.9,1728.2659,5193482.0
71.7,1657.889256,51313.0
72.0,159.9817,17544126.0
69.9,1286.56511,17289224.0
69.5,1389.8561,1735275.0
69.1,12387.18982,16791425.0
68.5,11634.42422,165566.0
67.8,97.649972,16321581.0
67.8,7165.2775,169271.0
66.6,8513.564645,15674.0
65.3,6771.414797,15484192.0
65.0,5291.57565,153884.0
64.6,3771.278957,1514729.0
64.7,2874.288291,1512985.0
64.4,268.123657,149918.0
64.7,1658.31146,14858948.0
64.4,149.926751,14858335.0
63.9,1229.958,14883626.0
63.4,1349.97144,47236259.0
62.9,1335.6458,462425.0
62.6,1229.114798,44826849.0
62.1,1155.2582,43646629.0
61.2,987.4453967,42486839.0
63.0,967.34773,4135152.0
59.1,92.816252,423724.0
57.9,916.8992515,39148416.0
56.8,839.181117,388599.0
55.3,697.66385,37525.0
54.1,519.7999346,3648288.0
53.0,458.8843551,3574931.0
52.4,436.6875357,3413852.0
52.1,395.8493511,332149.0
51.9,41.7763612,32321482.0
51.9,43.9797132,3145483.0
66.3,1424.483611,11247.0
66.1,1684.54274,11458.0
65.8,1724.361737,18535.0
65.7,1763.815497,16613.0
65.5,1692.613277,14656.0
65.3,1493.1651,12652.0
65.2,1297.285141,1568.0
65.1,1413.3234,9844.0
65.0,1357.632211,96311.0
65.0,1151.555618,9426.0
64.9,1214.556667,92325.0
64.8,113.6286,9542.0
64.7,115.3865,88895.0
64.6,826.58554,87343.0
64.3,734.9492461,85858.0
64.1,796.7937634,8446.0
74.6,13666.58336,1977527.0
74.4,15725.1374,1993782.0
74.1,1532.22924,212647.0
73.8,13822.8559,234319.0
73.6,1372.68947,25979.0
72.8,11326.21947,297555.0
72.6,12219.37379,2141669.0
71.9,16348.53121,2177322.0
78.0,1444.1589,22325.0
75.0,9667.9757,2218357.0
76.0,7558.7426,2238799.0
71.0,6351.8125,2263122.0
78.0,5134.95694,2287955.0
73.0,4132.34927,231173.0
69.9,3572.8513,233717.0
71.0,3352.731296,236755.0
74.9,846.632851,5851479.0
74.8,8161.4614,563279.0
74.9,846.285153,527612.0
75.0,8787.94668,491644.0
75.0,8734.9653,4588368.0
74.9,8763.826274,4337141.0
74.7,84.268878,4183156.0
74.5,712.775759,411147.0
74.4,614.271115,486466.0
74.1,5372.65899,45735.0
73.9,5339.441291,3986852.0
73.7,5424.22356,3863267.0
73.5,5425.6697,371464.0
73.2,5436.595223,3522837.0
73.0,5253.122599,3359859.0
72.7,5334.93329,3235366.0
53.7,173.82893,2174645.0
52.1,1174.839214,2145785.0
52.1,1196.1335,2117361.0
52.2,1281.516,289928.0
52.3,1352.38433,264166.0
51.1,1173.26212,24551.0
49.4,923.136931,21929.0
47.8,934.428563,199993.0
46.2,918.432717,1982287.0
45.3,915.775754,1965662.0
44.5,862.9463118,1949543.0
44.8,781.5145936,1933728.0
45.5,63.636279,191897.0
46.4,47.89395,192312.0
47.8,437.819184,1885955.0
49.3,474.8197876,1868699.0
61.4,452.38717,4499621.0
58.1,458.4651734,439737.0
61.1,454.1222236,4286291.0
67.0,415.361958,4181563.0
62.0,379.689583,47167.0
59.7,327.42597,3948125.0
59.2,33.667491,3811528.0
58.6,232.61732,3662993.0
57.9,21.3733292,3512932.0
56.7,178.92799,3375838.0
55.3,168.648254,326123.0
54.0,149.4452549,3176414.0
50.0,133.494518,3116233.0
56.0,177.285187,362863.0
51.5,174.1815473,2991132.0
51.9,183.4149991,2884522.0
73.6,14252.42853,29491.0
73.4,16554.97139,2932367.0
73.0,15712.82376,2957689.0
73.0,14341.836,2987773.0
72.8,14357.73679,328115.0
72.4,11984.86857,397282.0
72.2,11837.3913,3162916.0
71.1,14961.56818,3198231.0
72.0,12297.91535,3231294.0
76.0,924.642548,326999.0
78.0,7863.1629,3322528.0
71.6,676.966998,337775.0
71.6,555.535669,3415213.0
71.4,4146.987928,344367.0
71.2,353.147337,347818.0
71.6,3297.35471,3499536.0
82.0,1199.8223,56964.0
81.7,119172.7418,556319.0
81.4,113751.85,54336.0
81.1,16749.136,53946.0
88.0,115761.577,518347.0
86.0,14965.361,56953.0
83.0,13198.6693,497783.0
80.0,114293.8433,48865.0
79.7,1618.4928,479993.0
79.4,89739.7117,472637.0
78.8,8289.69641,465158.0
78.7,75716.3518,45895.0
78.6,65445.8853,45163.0
78.3,5293.64115,446175.0
78.0,48179.4285,441525.0
77.8,48735.99549,4363.0
65.5,41.8575951,2423488.0
65.1,452.4631926,2358981.0
64.7,461.723722,22961146.0
64.3,443.9611,22346573.0
63.8,454.963464,21743949.0
63.3,412.739341,2115164.0
62.8,415.6893226,2569121.0
62.3,47.733254,19996469.0
61.9,377.8482928,19433523.0
61.4,292.157443,1888268.0
69.0,274.819723,18336724.0
64.0,245.1235876,1782997.0
59.9,316.7998965,17279141.0
59.3,262.2859481,16765117.0
58.7,278.555732,1626932.0
57.9,245.939659,1576686.0
58.3,362.6575444,1757367.0
57.6,354.7253961,1768838.0
56.7,332.922339,16577147.0
55.3,374.51882,169735.0
54.1,512.125451,15627618.0
52.9,458.8681744,1516795.0
51.5,42.7379657,1471462.0
50.0,372.842678,14271234.0
48.5,32.2227274,1384969.0
47.1,297.6971211,13429262.0
46.0,28.3673842,1339711.0
45.1,274.2256294,1267638.0
44.6,26.152517,12336687.0
44.0,29.9798977,1213711.0
43.5,146.7615397,11695863.0
43.1,153.2594872,11376172.0
75.0,9643.644683,3723155.0
74.8,11183.96191,322817.0
74.6,1882.27842,2976724.0
74.5,1779.49641,2917456.0
74.3,145.1262,28635128.0
74.1,971.356987,28112289.0
74.0,7326.744435,2765383.0
73.8,8513.629541,2711169.0
73.7,7269.17114,26625845.0
73.6,6222.982955,26143566.0
73.4,5593.822995,25659393.0
73.2,4955.477743,2517419.0
73.1,4463.675893,2468873.0
72.9,4167.364387,24198811.0
72.7,3915.11546,2369897.0
72.4,445.17471,2318568.0
78.5,8395.785198,49163.0
78.2,7716.2415,41.0
77.9,7112.33575,393.0
77.6,6541.7465,385.0
77.3,6497.55443,377.0
76.7,633.79498,367.0
76.3,597.1659,36.0
75.9,5828.621374,362.0
75.4,52.862285,349.0
75.0,4428.522898,333.0
74.3,3488.493769,321.0
73.4,3853.33348,312.0
72.7,3432.247841,34.0
71.8,32.37239,297.0
78.0,298.67598,292.0
69.6,2182.99711,286.0
58.2,729.725338,1746795.0
57.8,825.5729915,16962846.0
57.3,777.659139,16477818.0
57.2,777.3476868,16667.0
56.8,835.88998,1554989.0
56.5,78.377632,157585.0
56.0,697.153124,1466597.0
55.5,689.6784228,14138216.0
55.0,595.6368319,1367566.0
54.3,521.6425796,1322764.0
53.6,487.942556,12798763.0
52.8,439.3572924,1239196.0
52.0,391.791281,125128.0
51.2,334.22416,11638929.0
55.0,36.8473237,11293258.0
49.8,269.3483829,196769.0
81.7,23819.4636,431874.0
81.4,2618.92599,427364.0
81.1,2393.1888,423374.0
81.0,2193.8836,419455.0
87.0,22821.847,416268.0
83.0,2187.79469,41458.0
82.0,2675.58259,412477.0
80.0,21928.767,49379.0
79.6,19375.5696,46724.0
79.3,16671.5672,4538.0
79.0,15835.34667,43834.0
78.7,1519.5497,41268.0
78.5,13689.98999,398582.0
78.2,11843.9392,395969.0
77.8,1121.78636,39328.0
77.5,1139.5651,3987.0
63.1,1158.256469,4182341.0
63.0,1326.66882,46392.0
62.7,145.57838,394617.0
62.5,1364.283745,383239.0
62.2,1393.261593,3717672.0
62.0,123.383675,369543.0
61.7,146.83851,356288.0
61.4,1167.535689,347541.0
61.2,113.3128,3312665.0
69.0,944.134851,322653.0
66.0,697.7451989,31372.0
64.0,62.547286,342823.0
63.0,528.586613,2957117.0
62.0,46.9542322,2873228.0
61.0,464.229758,279729.0
60.0,477.476124,279359.0
74.6,9252.11724,126265.0
74.2,1153.93822,126934.0
74.1,9637.265,1258653.0
73.9,9291.227619,1255882.0
73.6,9197.26972,125244.0
73.3,8.376432,1254.0
72.8,7318.12641,1247429.0
72.7,83.635,1244121.0
72.9,6574.654338,123963.0
71.8,5695.969327,1233996.0
72.1,5116.45424,1228254.0
71.9,5229.876738,12213.0
71.5,4623.347642,121337.0
71.5,3957.51296,124621.0
71.5,3792.182152,1196287.0
71.0,3861.32414,1186873.0
76.7,9143.128494,12589949.0
76.6,1452.27766,1242216.0
76.6,1298.86766,122535969.0
76.3,982.532572,1282837.0
76.1,9834.472689,119917.0
75.6,8959.581416,117318941.0
75.7,7748.12331,11555228.0
75.6,9689.52887,11366189.0
76.0,933.341687,111836346.0
75.8,8767.92258,1192378.0
75.3,7986.798439,18472228.0
75.4,7199.59665,16995583.0
75.0,6751.998987,1564453.0
75.0,716.8219,1435568.0
75.0,731.378864,136768.0
74.8,672.92113,11719673.0
68.8,3944.1839,2976877.0
68.4,4181.583321,2923896.0
68.1,4385.379355,286917.0
67.8,4368.82248,2814226.0
67.3,3769.595255,2761516.0
66.3,265.353659,271265.0
66.9,1717.898761,2668289.0
67.4,2139.625631,2628131.0
65.9,1634.81431,259167.0
65.0,1334.651896,255812.0
64.5,998.8226671,2526446.0
64.0,797.8377432,2496832.0
64.0,646.561295,2469286.0
63.8,571.51883,2443659.0
63.2,524.145924,2419776.0
62.8,474.2133361,2397436.0
76.1,6461.192554,622159.0
75.9,7378.345289,62181.0
75.8,7186.429787,62127.0
75.6,6586.71929,6261.0
75.4,7318.742449,6279.0
75.3,6682.281158,619428.0
75.0,6698.79439,618294.0
74.6,7325.73474,616969.0
74.2,5957.145693,615875.0
73.8,4383.59597,61525.0
73.6,3674.617924,614261.0
73.5,338.199535,613353.0
73.5,2789.1735,612267.0
73.4,216.243274,69828.0
73.3,199.583957,67389.0
73.0,1627.42893,6495.0
74.3,2847.285569,3483322.0
74.1,3154.513484,3431882.0
73.9,3111.762887,33824769.0
73.6,294.746728,33333789.0
73.3,339.91616,32858823.0
72.8,2834.2472,3249639.0
72.3,2861.5545,31989897.0
71.8,2884.94776,31596855.0
71.4,2494.353552,31225881.0
71.0,2191.478567,3869346.0
77.0,213.755559,35217.0
72.0,1948.812275,3179285.0
69.9,1721.973863,29843937.0
69.5,1413.757176,29512368.0
69.0,1336.775376,29181832.0
68.6,1332.382358,28849621.0
57.6,528.3125597,281691.0
56.7,623.2871141,27212382.0
55.3,65.985681,26434372.0
54.8,566.513873,2567666.0
54.3,526.5313517,249395.0
54.0,419.2258149,2422145.0
53.8,463.852618,2352463.0
53.2,53.127719,22846758.0
52.1,422.1461573,22188387.0
51.2,385.7567141,21547463.0
58.0,369.1545359,29237.0
54.0,336.3318145,231275.0
51.0,283.8911588,19716598.0
49.8,262.884551,19139658.0
49.5,256.4414872,18588758.0
49.0,277.6486591,1867687.0
66.6,1194.59137,5243669.0
66.4,1262.893782,51924182.0
66.2,1168.83947,51448196.0
65.9,1171.58257,5986514.0
65.6,1186.423937,555331.0
65.4,987.7365832,5155896.0
65.2,741.777116,49869.0
59.2,643.951373,49479752.0
64.5,41.451,49171586.0
64.2,296.97284,48846474.0
63.9,247.24276,48482614.0
63.5,219.8156688,487377.0
63.2,219.782326,47624894.0
62.8,143.77651,471422.0
62.5,138.9249275,46627994.0
62.1,193.187484,4695462.0
65.8,4737.66996,2425561.0
65.9,5421.343953,237992.0
66.1,5488.131712,231652.0
65.8,5749.44752,2263934.0
64.3,56.971392,2215621.0
63.0,5191.58381,217317.0
62.4,4153.497885,21374.0
61.7,429.6561,216375.0
60.0,422.51968,279915.0
57.0,3881.29535,255734.0
55.1,3573.146387,232196.0
54.7,3288.257373,29228.0
55.0,2482.36862,1986535.0
55.7,1713.47594,1962147.0
56.5,1834.29486,1933596.0
57.4,257.99557,1899257.0
69.2,743.7653489,28656282.0
69.6,76.2386977,28323241.0
69.3,688.6172788,2798531.0
68.9,681.7925868,27649925.0
68.4,692.1166842,27327147.0
68.0,592.1835216,2723137.0
67.5,48.7299,2674113.0
67.0,473.844449,26475859.0
66.6,393.8843518,26214847.0
66.0,348.6314534,2594618.0
65.4,317.89198,2564287.0
64.7,287.4156,2539449.0
64.3,253.72412,2495623.0
63.1,246.375621,24566342.0
63.2,248.6183539,24161777.0
62.5,231.42554,2374911.0
81.9,44292.88473,16939923.0
81.7,52157.4687,168658.0
81.4,51574.48942,1684432.0
81.1,49474.7561,16754962.0
81.1,5354.6536,1669374.0
88.0,5338.25483,16615394.0
86.0,519.349,1653388.0
83.0,56928.8248,16445593.0
82.0,51241.31562,16381696.0
79.8,44453.97119,1634611.0
79.4,41577.169,16319868.0
79.2,39954.64222,16281779.0
78.7,35245.1647,1622532.0
78.4,28817.32321,16148929.0
78.3,26584.12169,164618.0
78.1,25921.12794,15925513.0
74.8,295.966488,68235.0
74.5,1975.46477,613997.0
73.9,1847.19849,5945747.0
73.9,1792.3845,587718.0
74.5,1682.957924,58782.0
73.2,1526.497938,5737723.0
73.2,1464.497754,5666581.0
72.5,1518.85386,559456.0
72.5,1344.31871,552216.0
73.0,124.992617,545211.0
71.2,1175.116225,5379328.0
71.0,191.55157,53973.0
76.0,115.565314,524879.0
75.0,11.147277,5171734.0
73.0,143.6758,5175.0
73.0,116.2743,526796.0
61.8,358.99731,19896965.0
61.4,43.646498,19148219.0
69.0,416.14838,18426372.0
63.0,391.515524,17731634.0
59.4,375.5819866,1764636.0
58.2,348.151511,16425578.0
57.1,341.2894618,15813913.0
56.0,354.8185998,15228525.0
55.2,292.55962,14668338.0
54.5,258.463873,1413264.0
53.7,25.383731,13618449.0
52.9,232.5661574,1312712.0
52.1,215.8548,1265687.0
51.4,177.828384,12262.0
56.0,165.257247,11771976.0
50.0,158.455972,11352973.0
54.5,2655.157977,181181744.0
53.6,3221.678128,1764652.0
53.2,2996.96432,17182933.0
52.7,2755.297787,167297284.0
52.3,2527.9423,16287776.0
52.0,2327.3267,158578261.0
51.6,197.661422,15442181.0
59.0,1383.893354,1534739.0
55.0,1136.829645,14641724.0
49.8,119.743286,14261494.0
49.2,87.8938738,138939478.0
48.5,648.815852,135393616.0
48.1,512.65719,131972533.0
47.7,459.4572117,12866671.0
47.4,351.7996666,125463434.0
47.1,379.1193264,1223529.0
81.8,7455.24654,518867.0
81.6,975.49856,5137232.0
81.5,1291.435,579623.0
81.3,11563.727,518573.0
81.1,1574.9861,495388.0
81.0,87646.75346,4889252.0
89.0,817.77681,4828726.0
86.0,9688.5961,4768212.0
85.0,85128.65759,479153.0
84.0,74114.69715,466677.0
81.0,66775.3944,4623291.0
79.8,5757.26916,459191.0
79.4,5111.65445,4564855.0
78.9,4361.1538,4538159.0
78.8,38549.58934,4513751.0
78.5,38146.71539,449967.0
66.4,1431.244865,18938513.0
66.2,1316.98966,185546257.0
66.0,1272.44161,181712595.0
65.7,1261.28967,177911533.0
65.5,1226.215314,174184265.0
65.1,14.142268,1756182.0
64.8,16.63999,1674958.0
64.6,139.31288,16364463.0
64.4,95.4327931,16332974.0
64.2,873.772727,15793993.0
62.9,711.4699463,15399667.0
63.7,649.848233,15783.0
63.5,563.594342,1477341.0
63.2,499.8633,144654143.0
63.0,51.6568157,14161437.0
62.8,533.8624114,138523285.0
77.8,13134.4367,3969249.0
77.6,12593.7374,393986.0
77.5,11685.97983,3838462.0
77.2,1589.82713,3772938.0
77.3,927.723171,377782.0
76.5,7937.259931,3643222.0
76.8,7429.628274,3579385.0
76.5,6973.9284,3516268.0
76.4,668.8667,345387.0
76.2,5348.518399,339195.0
75.8,4916.54886,333465.0
75.8,4591.892776,3269541.0
75.5,4267.13578,329174.0
75.7,4126.14671,3149265.0
75.5,446.372833,389684.0
75.7,46.29935,33347.0
62.7,2182.716565,7755785.0
62.4,229.95364,7592865.0
62.2,271.318741,743836.0
62.0,177.867119,7269348.0
61.8,1366.879112,718239.0
61.6,1166.66337,6947447.0
61.4,1178.72469,6787187.0
61.1,956.668952,6627922.0
68.0,854.346921,647272.0
64.0,77.5773486,631479.0
59.9,637.3616215,6161517.0
59.6,588.3582595,61724.0
59.3,511.665773,5862316.0
59.1,539.41528,5716152.0
58.9,631.9468526,5572222.0
74.0,419.367724,6639119.0
73.9,4712.822736,6552584.0
73.8,4479.95858,646574.0
73.6,3855.537735,6379219.0
73.4,3988.11894,6293783.0
73.2,3225.591754,629877.0
73.0,2599.596259,6127837.0
72.7,359.992184,647117.0
72.5,2312.192926,5966159.0
72.3,189.71539,5882796.0
72.1,157.145691,5795494.0
71.9,148.527976,57374.0
71.7,1174.779347,56795.0
71.5,1148.229882,558611.0
71.2,1417.26582,546624.0
79.0,1545.626423,5327.0
75.5,63.343259,31376671.0
75.3,6491.5245,3973354.0
75.3,6583.116248,3565716.0
74.9,6387.785281,3158966.0
74.5,5771.565878,29759989.0
73.7,522.493191,29373646.0
73.8,4166.93387,29157.0
73.9,428.87811,2864198.0
74.0,3611.2147,28292724.0
74.2,3171.49856,27949944.0
72.8,2754.7829,276141.0
72.2,2448.143899,27273194.0
72.1,218.25997,26937738.0
72.6,259.192958,2661467.0
72.4,1981.243653,26261363.0
71.4,1996.719689,25914879.0
68.5,2878.33837,11716359.0
68.4,2842.938353,112249.0
68.1,276.289146,9848132.0
68.1,2581.818554,96866642.0
68.0,2352.518156,9527794.0
67.9,2129.499242,93726624.0
68.0,1825.341521,9222879.0
67.5,1919.466195,9751864.0
67.5,1672.685433,8929349.0
67.3,1391.772325,8789419.0
67.0,1194.697155,86274237.0
67.3,179.3715,84678493.0
67.2,11.553196,8331954.0
66.8,1.68135,813526.0
66.8,957.287441,79665315.0
66.8,138.91977,77991569.0
77.5,12565.9876,37986412.0
77.3,14341.675,3811735.0
77.1,1378.54911,384196.0
76.8,13145.1484,3863164.0
76.7,13893.18768,3863255.0
76.3,12599.52486,3842794.0
75.7,11527.59323,3815163.0
75.5,141.44688,38125759.0
75.3,1126.31852,381256.0
75.2,94.7726,38141267.0
75.0,821.251569,38165445.0
74.9,6681.178818,38182222.0
74.7,5693.52416,382457.0
74.5,5196.932921,3823364.0
74.2,4981.198619,3824876.0
73.7,4492.72764,38258629.0
81.1,1922.681,135876.0
89.0,2277.53613,14162.0
86.0,21618.73534,1457295.0
83.0,2577.4264,1514844.0
82.0,23196.18375,155756.0
79.6,22538.6548,15731.0
79.3,2363.97161,1568247.0
79.0,24815.6884,1558177.0
78.7,2278.5845,1542964.0
78.5,19821.44463,1522288.0
77.7,18784.9485,15333.0
78.0,1845.5881,1483861.0
77.3,15772.7334,1458821.0
77.2,12882.28897,1419631.0
76.9,11729.14616,1362722.0
76.6,1152.39681,1289898.0
75.0,8958.788593,19815481.0
74.8,12.27733,1998979.0
74.6,9585.266593,19983693.0
74.4,8558.39766,25835.0
74.3,92.277825,2147528.0
73.4,8297.483621,2246871.0
73.1,822.18329,2367487.0
73.1,1136.47356,2537875.0
72.9,8214.185378,2882982.0
72.5,5828.745662,2119376.0
71.9,4676.315183,21319685.0
71.7,3552.92452,21451748.0
71.1,2774.95586,21574326.0
77.0,2124.873613,2173496.0
78.0,1839.72945,2213197.0
77.0,1668.162731,22442971.0
75.0,9329.298351,1449687.0
73.0,14125.961,143819666.0
70.0,15543.67653,14356911.0
69.6,15154.45687,14321676.0
69.4,14212.687,14296868.0
68.4,1674.98771,142849449.0
68.2,8562.89598,142785342.0
67.5,11635.2637,14274235.0
67.3,911.25385,1428588.0
66.4,692.194398,14349528.0
65.0,5323.473877,143518523.0
64.9,412.372294,1446754.0
64.6,2975.132778,144648257.0
64.8,2375.5944,1453646.0
65.1,21.362386,14597683.0
65.0,1771.58662,146596557.0
66.1,71.348397,11629553.0
65.7,76.5699517,11345357.0
65.2,688.8768557,1165151.0
64.6,678.796973,1788853.0
63.8,617.317648,151671.0
62.8,563.491487,1246842.0
61.0,539.1538211,9977446.0
68.0,5.6687264,978169.0
59.6,44.853339,944742.0
57.6,342.3656294,92658.0
55.3,287.931877,8991735.0
53.4,236.9114381,8818438.0
52.0,212.6619491,868346.0
57.0,196.59778,853625.0
48.6,21.569654,832946.0
48.3,216.172747,82573.0
74.0,4149.363444,193759.0
73.8,4178.973369,19229.0
73.6,4219.65123,19757.0
73.2,4234.554443,189194.0
73.0,3942.9827,187665.0
72.6,3453.487434,18625.0
76.0,335.112838,184826.0
72.5,359.82223,183526.0
72.2,322.543121,182286.0
72.0,287.963899,18194.0
71.6,2571.262348,179929.0
71.4,2351.33814,178781.0
79.0,197.29417,177662.0
76.0,1631.41727,176582.0
75.0,1555.47451,175566.0
72.0,154.68923,17461.0
67.5,1624.63963,195553.0
67.3,1821.878734,191266.0
67.1,1619.532678,18745.0
66.9,138.949959,182889.0
66.6,134.326189,1788.0
66.2,1129.754961,174776.0
65.8,199.57146,17813.0
65.4,1126.46212,166913.0
65.1,894.927988,16311.0
64.7,843.89447,159328.0
64.3,81.86157,15563.0
63.8,693.345683,151969.0
63.4,649.342153,148372.0
63.1,555.8185378,144889.0
62.8,51.216381,141622.0
66.7,98.7256145,14976994.0
66.4,152.443873,14546111.0
66.0,148.912351,141232.0
65.6,136.4518,1373513.0
64.9,18.25321,13391.0
64.3,11.631377,12916229.0
63.5,12.566464,1255917.0
62.8,11.33678,1223957.0
62.1,95.3978522,11873557.0
61.3,89.838296,11556763.0
65.0,773.8698713,11251266.0
59.7,733.581811,1955944.0
59.0,642.7663113,16799.0
58.4,513.26227,1396861.0
57.9,481.287397,1134497.0
57.5,473.45338,988452.0
75.6,5237.255334,795383.0
75.4,62.173221,713576.0
75.3,6353.826383,7164132.0
74.9,5659.3824,719977.0
74.6,6423.291783,723499.0
74.4,5411.87744,7291436.0
74.1,5821.35397,73287.0
74.0,671.773913,735222.0
73.8,5458.121718,7381579.0
73.6,4129.758741,7411569.0
73.0,3528.1318,744769.0
73.0,3331.228766,7463157.0
73.0,2832.49652,748591.0
72.9,2149.9944,7496522.0
73.1,1634.87561,753433.0
72.6,87.1365252,7516346.0
73.2,1539.464,93419.0
73.0,1557.77892,91359.0
72.9,15687.34795,89949.0
72.7,12845.17363,8833.0
72.6,12189.9516,87441.0
72.4,184.68447,8977.0
72.3,976.9566,87298.0
72.2,11122.8627,86956.0
72.2,12154.82994,8533.0
72.2,1214.39987,846.0
72.2,1192.5174,82858.0
72.1,1176.65871,82475.0
72.1,8524.961236,82781.0
72.1,8331.261997,83723.0
72.0,7663.1378,8122.0
71.8,7578.85153,81131.0
51.0,587.538233,723725.0
48.1,78.4394757,779162.0
54.0,71.8186998,692279.0
49.7,561.8984239,676613.0
48.9,445.525,6611692.0
48.1,45.128418,645872.0
47.1,394.5932439,63126.0
46.2,46.3759178,6165372.0
45.3,358.8274716,615417.0
44.3,322.313468,5848692.0
43.3,287.6891942,5658379.0
42.3,263.145817,5439695.0
41.5,263.7618312,5199549.0
48.0,249.939542,4957216.0
41.0,227.779471,4739147.0
39.0,139.3147734,4564297.0
88.0,2729.86383,263531.0
87.0,242.67286,26198.0
85.0,2315.31799,259953.0
82.0,22486.47167,257159.0
79.8,24985.24827,252843.0
79.5,23437.4722,248583.0
79.1,24633.79785,239669.0
78.9,2751.8127,221316.0
78.3,23841.31792,218122.0
78.1,19726.1265,26868.0
77.5,18169.1891,2474.0
77.2,1726.9151,199712.0
76.5,1488.47154,1995733.0
76.6,11814.9994,199453.0
76.2,1479.29634,19926.0
76.0,1227.73677,1988925.0
69.2,1922.41388,587482.0
68.8,29.652622,57554.0
68.8,188.5159,563513.0
68.7,1858.689868,551531.0
68.5,1642.837974,539614.0
68.3,1272.44825,52779.0
68.1,1158.282672,51679.0
68.0,125.79167,54477.0
67.6,146.931125,49294.0
67.6,948.6592511,481422.0
67.4,88.874858,469885.0
67.1,818.442619,458324.0
66.8,744.7657423,446769.0
66.5,784.9562874,435262.0
66.2,944.81684,423853.0
65.8,154.518572,41269.0
62.9,5769.77258,5511976.68
62.0,6479.625659,54146734.74
69.0,6876.953821,53311955.61
59.2,7548.163698,5256515.8
58.9,849.954224,51729345.36
58.0,7362.76139,5979432.36
56.5,5888.6284,5255813.11
55.3,5786.59972,49557573.3
54.5,6125.39984,48883844.99
54.0,5631.73485,4823384.48
53.8,5414.634326,476667.24
53.7,4863.51688,4717.99
54.0,3775.68275,46418193.9
54.9,2518.398261,45855482.88
56.0,2681.781,45312937.0
57.3,337.2253,44896856.0
57.3,758.725782,11882136.0
56.6,1151.861715,1153971.0
56.4,1186.11325,1117749.0
56.0,958.45581,1818258.0
55.4,176.9713,1448857.0
55.0,1562.239346,167192.0
54.3,1264.78998,967667.0
53.6,1678.711862,9263136.0
82.8,25683.84565,46447697.0
82.6,296.47225,4648882.0
82.4,2921.9342,466245.0
82.0,28562.29324,4677355.0
82.1,31834.21816,46742697.0
81.9,3736.228,46576897.0
81.6,32333.4661,46362946.0
81.3,35578.73619,4595416.0
89.0,3279.414,4522683.0
88.0,28482.6948,44397319.0
81.0,2651.71745,43653155.0
81.0,24918.64584,42921895.0
79.4,21495.7741,42187645.0
79.5,1719.53541,41431558.0
79.4,15323.6114,485412.0
79.1,14676.769,4567864.0
74.9,3844.89123,2966.0
74.7,382.54994,2771.0
74.6,361.289374,2585.0
74.5,335.521375,2425.0
74.5,322.992615,2271.0
74.5,2819.511161,2119.0
71.8,216.681584,19968.0
72.3,254.489192,19817.0
73.7,1644.816372,19668.0
73.8,1448.7611,1952.0
74.2,1259.87591,19373.0
69.1,174.6692,19228.0
73.9,989.4547732,1983.0
73.7,873.1472436,18939.0
72.7,837.699787,18797.0
71.5,875.412178,18655.0
64.1,2513.884661,3864783.0
63.8,2176.89829,37737913.0
63.5,1955.66799,36849918.0
63.2,1892.894352,3599192.0
62.7,1666.857757,35167314.0
62.5,1476.47887,34385963.0
62.0,1226.884381,3365619.0
61.8,1291.528826,32955496.0
61.4,1115.6952,32282526.0
61.0,893.8793645,316764.0
67.0,679.7539949,3911914.0
59.7,565.569459,3186341.0
59.6,477.738478,29435944.0
59.4,412.1517561,28679565.0
58.9,377.5254454,279455.0
58.6,361.35843,2725535.0
71.6,8818.982566,55328.0
71.4,9564.46383,547928.0
71.2,9484.56898,54254.0
71.3,9272.413453,53777.0
76.0,8318.97692,531589.0
73.0,833.31332,52613.0
70.0,7443.85178,52619.0
69.8,6858.163158,515148.0
69.5,5761.39536,5975.0
69.3,527.92,5437.0
68.9,3595.8855,498946.0
68.3,36.48773,49363.0
68.0,263.1399,488332.0
67.9,2232.513244,48344.0
67.7,1598.77512,47774.0
67.4,1888.61829,47239.0
58.9,3136.92511,131911.0
58.4,3464.35169,129597.0
57.6,3598.75972,1271456.0
56.5,3851.51547,1248158.0
55.0,3934.27325,1225258.0
53.6,369.239336,122843.0
52.6,332.517125,118675.0
51.4,2842.438422,1158897.0
50.0,347.48798,1138434.0
47.8,2937.36723,112514.0
46.0,2873.862141,115873.0
45.6,2529.633557,19553.0
45.9,22.99449,187392.0
46.4,1324.996228,1893.0
47.1,1437.634951,172927.0
48.4,1637.4567,161468.0
82.4,5585.25847,9799186.0
82.3,5918.19898,969611.0
81.9,6283.24522,96379.0
81.7,57134.777,9519374.0
81.7,59593.28711,9449213.0
81.5,5276.25591,9378126.0
81.4,4627.592,9298515.0
81.1,55746.84238,9219637.0
89.0,53324.37937,914892.0
88.0,46256.4716,9855.0
85.0,4385.35315,929572.0
83.0,42442.2245,8993531.0
82.0,36961.42537,8958229.0
79.9,29571.7446,8924958.0
79.8,26969.24457,889596.0
79.6,29283.55,887219.0
83.4,8989.8424,8282396.0
83.2,85814.58857,8188649.0
83.0,84658.88768,889346.0
82.7,83164.38795,7996861.0
82.6,87998.44468,7912398.0
82.3,74276.71842,782499.0
82.1,69672.471,7743831.0
82.0,72119.5687,7647675.0
81.7,63223.46778,7551117.0
81.5,57348.92788,7483934.0
81.1,54797.54663,7437115.0
81.0,53255.97631,7389625.0
85.0,4796.56497,73391.0
84.0,41336.72192,7284753.0
82.0,38538.64447,7229854.0
79.7,37813.23426,718425.0
73.8,258.3529,1963286.0
73.7,1762.24617,18914977.0
73.5,1577.457182,18294611.0
73.2,148.852738,1786638.0
73.0,1253.39143,17415266.0
72.8,1263.13455,178791.0
72.7,1258.421953,16766899.0
72.6,1177.629268,1641848.0
69.7,918.6771543,8548651.0
69.6,114.45919,8362745.0
69.3,14.214412,817789.0
68.8,954.725253,799562.0
68.1,834.5412953,7815949.0
67.3,738.3475227,764163.0
66.7,666.3458569,7472819.0
66.4,76.914128,739728.0
66.1,52.35956,7152385.0
65.9,44.2872665,7557.0
65.5,337.359236,6854176.0
65.9,39.281834,6712841.0
65.2,236.314438,6576877.0
64.3,189.3878519,6447688.0
64.0,17.8159721,6327125.0
63.7,138.436633,621625.0
74.9,5814.863134,686576.0
74.6,5941.8471,68416772.0
74.5,6171.262444,6814365.0
74.3,5859.915622,67843979.0
74.1,5491.159981,675313.0
73.9,575.32176,672888.0
73.7,4212.5492,66881867.0
73.5,4378.68746,6654576.0
73.3,3972.26475,66195615.0
73.0,3368.952576,65824164.0
72.5,2893.651356,6542547.0
71.6,2659.83918,652231.0
71.7,2358.93629,64554952.0
71.4,296.54617,6473164.0
71.2,1893.145377,63543322.0
71.1,27.564826,6295821.0
68.3,1161.76935,124977.0
68.0,1153.51578,1212814.0
67.7,117.765674,1184366.0
67.4,1117.77724,115676.0
67.2,114.56179,1131523.0
66.9,849.8626972,119591.0
66.6,757.3114436,19221.0
66.2,643.71911,17811.0
65.8,524.8959363,164973.0
64.9,441.53226,148621.0
63.7,478.331859,126484.0
62.3,467.5438297,996698.0
61.0,471.4565823,96852.0
62.0,48.61552,923825.0
59.4,56.4249869,892531.0
58.7,422.28633,87167.0
59.9,551.138346,741682.0
59.7,62.1318489,7228915.0
59.4,579.43485,742948.0
58.9,563.6894247,6859482.0
58.3,562.3393592,6679282.0
57.4,487.9238913,652952.0
56.7,499.6468713,633472.0
56.2,513.391914,6161796.0
55.9,42.764743,5997385.0
55.7,377.33629,5837792.0
55.0,372.1721837,5683268.0
54.9,349.9937253,5534598.0
54.7,31.437144,539141.0
54.7,28.832123,5251472.0
54.6,26.6394652,511177.0
54.6,26.3932935,497367.0
73.5,493.775387,16364.0
73.3,4192.349758,15782.0
73.2,4266.557174,15328.0
73.0,451.542462,14951.0
72.9,445.18866,14577.0
72.8,3547.59975,14137.0
72.5,37.846563,1364.0
72.6,3392.64743,135.0
72.5,2932.315883,12357.0
72.4,2892.522663,11689.0
72.3,2594.74999,1141.0
72.2,2284.37858,146.0
72.0,229.714718,99789.0
71.9,1842.44421,99184.0
71.8,1837.977391,98611.0
71.6,263.27236,9882.0
71.2,17321.83373,13692.0
71.1,19325.24283,1354493.0
71.0,1967.83283,1348248.0
78.0,19152.531,1341588.0
76.0,1953.9767,1334788.0
74.0,16683.94578,13281.0
71.0,1458.8796,1321618.0
69.9,21188.11857,1315372.0
69.7,1653.1844,13926.0
69.6,1495.96337,133144.0
69.5,12323.1275,1296934.0
69.4,129.51914,129535.0
69.3,884.518666,128452.0
69.2,749.626612,1277837.0
69.1,6935.721451,127238.0
69.1,643.947262,1267984.0
75.3,3828.91589,11273661.0
75.1,4271.68172,1114398.0
74.9,4199.47253,1114558.0
74.9,4137.55421,1886668.0
74.8,4256.91279,1761467.0
74.8,414.15177,1639931.0
74.7,4129.977335,1521834.0
74.7,431.9326,147336.0
74.6,3778.184171,129887.0
74.4,3371.71231,1196136.0
74.2,3194.562243,112482.0
74.0,3112.83529,11761.0
73.7,2761.969249,9939678.0
73.5,2346.5937,9864326.0
73.2,2254.933126,978571.0
72.9,2213.91488,9699197.0
75.8,1979.52569,78271472.0
75.5,12127.22522,773628.0
75.2,12542.93565,75787333.0
74.8,1172.3843,74569867.0
74.5,11341.13395,7349455.0
74.2,1672.5693,72326914.0
73.9,936.499911,71339185.0
73.5,185.68975,74432.0
73.2,979.49246,69597281.0
72.8,834.869161,6876345.0
72.4,7384.354661,679346.0
72.0,64.72953,677855.0
71.6,4718.51291,668583.0
71.2,366.57,6514354.0
78.0,3119.63716,64191474.0
74.0,4316.553895,6324121.0
66.3,6432.668768,5565284.0
66.0,7962.365824,5466241.0
65.4,734.42525,5366277.0
65.6,6675.262954,5267839.0
65.6,5649.978486,517461.0
65.8,4439.23,58721.0
65.6,436.459223,5795.0
64.5,394.467675,4935762.0
64.1,26.371428,487137.0
63.7,2136.66815,48115.0
63.3,174.51475,4754641.0
63.5,1453.917166,473398.0
63.4,1283.885977,4655741.0
63.3,967.917468,4612.0
64.0,774.4763388,45648.0
63.8,643.17518,4516131.0
62.3,693.8963829,414487.0
61.5,719.172669,38833338.0
67.0,662.492293,37553726.0
60.0,647.74741,3636796.0
59.3,584.3962137,3593648.0
58.4,594.9972557,33915133.0
57.5,647.17732,32771895.0
56.3,449.6928183,31663896.0
55.5,41.858631,359487.0
54.9,336.4593923,2955662.0
53.2,315.788227,2854394.0
51.3,288.236949,27568436.0
51.0,237.9995917,2662482.0
48.8,24.2423229,2571848.0
47.7,234.984775,24854892.0
46.6,257.63369,2439274.0
71.3,2124.662666,4515429.0
78.0,314.658296,45271947.0
71.0,429.71554,454896.0
77.0,3855.42128,455933.0
75.0,3569.75727,45761.0
69.8,2965.142365,45877.0
69.2,2545.48341,46533.0
67.7,3891.37823,462582.0
67.5,368.68998,465935.0
67.7,233.18831,4678775.0
67.0,1828.717626,471515.0
67.4,1367.352433,474516.0
67.6,148.522488,4781295.0
67.6,879.475486,48225.0
67.7,78.738243,48683865.0
67.5,635.789635,49175848.0
77.0,15524.84247,3431552.0
76.8,16737.89827,3419546.0
76.8,16881.2568,3485.0
76.5,1592.6819,3396777.0
77.0,14166.4998,3385624.0
76.3,11938.212,3374415.0
76.6,9415.17386,3362755.0
76.4,962.312164,335824.0
75.4,79.69746,3339741.0
76.2,5877.87678,333143.0
75.7,522.951116,3325612.0
75.4,4117.38853,332496.0
75.4,3622.52284,3325637.0
75.4,488.768855,3327773.0
75.2,6281.37747,332713.0
75.1,6871.897677,3321245.0
69.4,2137.576852,312989.0
69.2,25.448414,37577.0
69.1,197.551233,32432.0
68.8,174.468298,297745.0
68.5,1564.966945,293394.0
68.3,1377.8214,285624.0
68.0,1213.265328,277674.0
67.9,182.28625,27328.0
67.8,83.476942,26868.0
67.6,654.2838373,2648825.0
67.3,546.776852,26167.0
67.8,465.1198869,2586435.0
67.2,396.129969,2556765.0
67.1,383.3494997,2527185.0
67.4,456.734892,2496445.0
67.1,558.221144,24654.0
72.0,285.83414,26463.0
71.7,3148.36513,25885.0
71.6,3167.34356,253142.0
71.4,3158.58688,247485.0
71.2,3275.91684,241871.0
71.0,2965.82434,236295.0
78.0,2643.441423,23785.0
75.0,2697.961375,22534.0
73.0,2393.367265,219953.0
71.0,247.97823,214634.0
69.9,1886.433359,2937.0
69.6,1787.94723,24143.0
69.4,158.52724,198964.0
69.3,1353.934819,193956.0
69.1,1362.61731,18929.0
69.0,1469.849149,18563.0
61.8,1313.889646,161587.0
61.1,1738.8822,1562974.0
63.0,185.793359,1515321.0
59.2,1734.93612,14699937.0
58.2,1644.619672,14264756.0
58.0,1463.213573,138533.0
57.4,1139.11233,13456417.0
55.7,1369.68249,1382517.0
52.6,114.587985,12725974.0
58.0,13.154199,12383446.0
49.3,691.3178164,1252156.0
47.9,53.2772217,11731746.0
46.4,429.1583434,11421984.0
45.5,377.135244,111249.0
44.6,378.2736238,1824125.0
43.8,341.955625,1531221.0
67.0,118.69383,15777451.0
59.2,127.47462,15411675.0
58.0,111.227396,155456.0
56.6,955.648466,1471826.0
54.9,839.927936,14386649.0
52.4,713.63562,1486317.0
50.0,65.824121,1381599.0
48.2,325.678573,13558469.0
46.6,396.9982166,1332999.0
45.4,414.796232,13124267.0
44.6,444.76575,129432.0
44.3,454.366654,12777511.0
44.5,453.3511552,12633897.0
44.8,57.34834,125525.0
45.3,548.587312,12366165.0
46.0,547.3588785,12222251.0
