Year,Life expectancy,GDP
2015,65.0,584.25921
2014,59.9,612.696514
2013,59.9,631.744976
2012,59.5,669.959
2011,59.2,63.537231
2010,58.8,553.32894
2009,58.6,445.8932979
2008,58.1,373.3611163
2007,57.5,369.835796
2006,57.3,272.56377
2005,57.3,25.2941299
2004,57.0,219.1413528
2003,56.7,198.7285436
2002,56.2,187.84595
2001,55.3,117.49698
2000,54.8,114.56
2015,77.8,3954.22783
2014,77.5,4575.763787
2013,77.2,4414.72314
2012,76.9,4247.61438
2011,76.6,4437.17868
2010,76.2,494.358832
2009,76.1,4114.136545
2008,75.3,437.539647
2007,75.9,363.13685
2006,74.2,35.1293
2005,73.5,279.142931
2004,73.0,2416.588235
2003,72.8,189.681557
2002,73.3,1453.642777
2001,73.6,1326.97339
2000,72.6,1175.788981
2015,75.6,4132.76292
2014,75.4,547.8517
2013,75.3,5471.866766
2012,75.1,5564.82566
2011,74.9,5432.2523
2010,74.7,4463.394675
2009,74.4,3868.83123
2008,74.1,495.254866
2007,73.8,3935.183343
2006,73.4,3464.6179
2005,72.9,31.122378
2004,72.3,2598.9823
2003,71.7,294.33556
2002,71.6,1774.33673
2001,71.4,1732.857979
2000,71.3,1757.17797
2015,52.4,3695.793748
2014,51.7,479.31224
2013,51.1,484.616884
2012,56.0,4598.249988
2011,51.0,4299.12889
2010,49.6,3529.53482
2009,49.1,3347.84485
2008,48.7,3868.578883
2007,48.2,2878.837144
2006,47.7,262.415149
2005,47.4,1443.991929
2004,47.1,141.86844
2003,46.8,779.468356
2002,46.5,711.181716
2001,45.7,526.168743
2000,45.3,555.2969419
2015,76.4,13566.9541
2014,76.2,12888.29667
2013,76.1,12224.86416
2012,75.9,12565.44197
2011,75.7,11929.34991
2010,75.6,12126.87614
2009,75.4,1312.46692
2008,75.2,1473.31923
2007,75.0,14252.29452
2006,74.8,12724.39377
2005,74.6,11371.93895
2004,74.4,1352.8374
2003,74.2,9739.82556
2002,74.0,9386.716452
2001,73.8,9358.154162
2000,73.6,9875.161736
2015,76.3,13467.1236
2014,76.2,12245.25645
2013,76.0,12976.63642
2012,75.9,12969.7712
2011,75.7,12726.9836
2010,75.5,1276.265
2009,75.6,8161.36966
2008,75.4,8953.359275
2007,74.8,7193.61764
2006,75.2,5878.76127
2005,74.9,576.883829
2004,74.7,4251.574348
2003,74.1,333.4376
2002,74.1,2579.193168
2001,74.0,717.694674
2000,74.1,7669.273916
2015,74.8,369.654776
2014,74.6,3994.712355
2013,74.4,3843.591213
2012,74.4,3684.8481
2011,73.9,3526.978143
2010,73.5,3218.381655
2009,73.3,2993.832531
2008,73.2,41.26997
2007,73.5,3138.8873
2006,72.9,2158.299
2005,73.0,1643.758397
2004,73.0,1191.96192
2003,72.7,93.1661567
2002,72.6,783.261699
2001,72.6,694.435119
2000,72.0,622.7427477
2015,82.8,56554.3876
2014,82.7,62214.6912
2013,82.5,67792.3386
2012,82.3,67677.63477
2011,82.0,62245.129
2010,81.9,51874.848
2009,81.7,42742.99898
2008,81.3,49664.6854
2007,81.3,4991.98289
2006,81.2,36118.28381
2005,81.0,3416.71483
2004,86.0,3472.37977
2003,83.0,23465.38559
2002,79.9,281.81763
2001,79.9,19517.84168
2000,79.5,2169.921
2015,81.5,43665.947
2014,81.4,51322.63997
2013,81.1,554.71532
2012,88.0,48333.57273
2011,88.0,51126.74139
2010,84.0,46657.629
2009,82.0,47654.18721
2008,84.0,51386.37665
2007,81.0,46586.6525
2006,79.8,443.99361
2005,79.4,38242.4252
2004,79.3,36693.4262
2003,78.8,3212.9355
2002,78.7,26351.37568
2001,78.6,24489.73553
2000,78.1,24517.26745
2015,72.7,55.31382
2014,72.5,7891.299776
2013,72.2,7875.756953
2012,71.9,7496.335728
2011,71.6,7189.691229
2010,71.1,5842.85784
2009,78.0,495.294791
2008,73.0,5574.6382
2007,73.0,3851.437869
2006,69.2,2473.85776
2005,68.4,1578.4239
2004,68.4,145.2163
2003,67.8,883.6439965
2002,67.8,763.73858
2001,67.5,73.6838434
2000,66.6,655.974326
2015,76.9,22688.87824
2014,76.8,24983.3792
2013,76.7,251.18329
2012,76.5,23649.36661
2011,76.1,2281.1242
2010,76.1,2722.1389
2009,76.0,19356.67236
2008,75.8,2367.56535
2007,75.6,2977.1153
2006,75.5,1937.99549
2005,75.3,17959.17854
2004,75.2,15846.47641
2003,75.0,14221.99259
2002,74.9,1312.33457
2001,74.7,12868.211
2000,74.5,13636.34668
2015,71.8,121.15812
2014,71.4,184.56543
2013,71.0,951.8894535
2012,77.0,856.342857
2011,73.0,835.789341
2010,69.9,757.6717572
2009,69.5,681.125368
2008,69.1,615.7775411
2007,68.6,541.651484
2006,68.2,494.51466
2005,67.8,484.155471
2004,67.3,46.7579167
2003,66.8,432.7388972
2002,66.3,4.6135745
2001,65.8,42.5981152
2000,65.3,45.63371
2015,75.5,15557.8381
2014,75.4,15359.66971
2013,75.2,15472.7814
2012,75.1,15384.8749
2011,74.9,15534.1574
2010,74.7,1595.91232
2009,74.6,16523.32388
2008,74.4,1657.3228
2007,74.2,16462.48556
2006,74.1,15646.5591
2005,73.9,14223.86576
2004,73.8,12868.8639
2003,73.7,1228.5447
2002,73.5,11675.39395
2001,73.4,11513.87189
2000,73.3,11568.1111
2015,72.3,5949.11677
2014,72.0,8318.429294
2013,71.7,7978.825443
2012,71.9,694.243915
2011,72.0,6519.71753
2010,73.0,63.38877
2009,70.0,5176.172649
2008,70.0,6376.183153
2007,69.8,4735.484827
2006,68.9,3848.215966
2005,68.1,3126.71767
2004,68.2,2378.33927
2003,67.7,1819.525644
2002,67.2,1479.383142
2001,67.7,1244.373185
2000,68.0,1276.28834
2015,81.1,4356.875
2014,89.0,47439.39684
2013,87.0,4651.38647
2012,83.0,4474.5717
2011,83.0,4772.77415
2010,80.0,4438.23741
2009,79.8,4488.5615
2008,79.5,48424.58927
2007,79.5,4443.83131
2006,79.4,38852.3613
2005,78.9,36967.28292
2004,78.8,35589.71295
2003,78.3,3743.95693
2002,78.0,2552.3328
2001,78.0,23121.56635
2000,77.6,2327.4591
2015,71.0,4849.997495
2014,70.0,4852.223666
2013,69.8,4688.538443
2012,69.4,4673.63848
2011,69.4,4516.24675
2010,69.5,4344.15177
2009,69.5,4258.788611
2008,69.6,447.22796
2007,69.6,4324.876427
2006,69.4,4187.3783
2005,69.0,3933.332215
2004,68.7,3831.53819
2003,68.4,3679.99523
2002,68.5,3556.561825
2001,68.2,3419.275719
2000,68.3,3364.423711
2015,60.0,783.94791
2014,59.7,943.686575
2013,59.5,915.2674586
2012,59.3,837.9551
2011,59.1,825.9427854
2010,58.7,757.695974
2009,58.4,793.45243
2008,57.6,82.1513498
2007,57.1,76.535419
2006,56.8,625.8392
2005,56.5,61.799977
2004,56.1,583.493514
2003,55.8,519.2922847
2002,55.6,418.6985763
2001,55.5,378.73654
2000,55.4,374.1923942
2015,69.8,2613.645177
2014,69.4,2522.7968
2013,69.1,235.882889
2012,68.7,2422.816
2011,68.3,2458.45976
2010,67.9,2178.921383
2009,67.4,177.234497
2008,67.0,1795.18137
2007,66.5,1741.142552
2006,65.8,1335.45696
2005,65.0,1247.61392
2004,64.2,197.45788
2003,63.3,997.7417141
2002,62.5,885.6382245
2001,61.7,87.9387673
2000,62.0,765.8632358
2015,77.4,4574.9787
2014,77.2,5193.94932
2013,77.0,535.86555
2012,76.8,4716.673325
2011,76.9,55.156834
2010,76.4,4611.47298
2009,76.1,4697.89732
2008,76.0,575.31664
2007,75.4,418.292176
2006,75.7,344.321698
2005,75.0,2968.41186
2004,75.5,265.642661
2003,75.2,2214.732246
2002,75.4,1761.537647
2001,74.9,1524.41222
2000,74.6,1461.7552
2015,65.7,6532.651
2014,65.1,7497.762376
2013,64.2,77.625783
2012,63.4,729.231453
2011,62.2,7645.21469
2010,61.1,6346.15624
2009,59.2,5185.729845
2008,57.5,5623.379566
2007,56.9,5714.47937
2006,54.8,5374.554867
2005,51.7,5351.253732
2004,48.1,4896.583835
2003,46.4,4163.6596
2002,46.0,355.618382
2001,46.7,3128.97793
2000,47.8,3349.68823
2015,75.0,8757.2622
2014,74.8,1226.61731
2013,74.7,12216.9446
2012,74.5,12291.46685
2011,74.1,13167.47289
2010,73.8,11224.1548
2009,73.6,8553.3847
2008,73.4,8787.61375
2007,73.3,7313.557962
2006,73.0,586.145975
2005,72.7,477.182746
2004,72.0,3623.47667
2003,71.8,359.587582
2002,71.4,2819.649531
2001,71.0,3146.95177
2000,75.0,3739.11936
2015,77.7,3967.8951
2014,77.6,4159.8652
2013,77.1,44597.27968
2012,78.3,47651.2599
2011,77.4,4717.273
2010,76.9,35268.1117
2009,76.8,27965.4754
2008,77.2,37951.286
2007,76.0,32672.36717
2006,76.3,398.96692
2005,76.2,2612.13345
2004,76.4,21896.6527
2003,76.0,18555.56649
2002,74.8,16846.2198
2001,74.7,16468.12886
2000,74.4,188.44826
2015,74.5,6993.47736
2014,74.3,7853.335191
2013,74.1,7674.86559
2012,73.9,7378.25539
2011,73.7,7813.83499
2010,73.4,6843.263289
2009,73.2,6955.987733
2008,72.9,7296.122479
2007,72.6,5932.899677
2006,72.2,4513.13628
2005,72.1,3893.68998
2004,72.2,3381.57837
2003,72.0,271.46824
2002,71.8,287.534843
2001,71.6,1764.97387
2000,71.1,169.28586
2015,59.9,615.592225
2014,59.3,75.1464113
2013,59.0,699.452847
2012,58.6,673.8227
2011,58.1,666.842783
2010,57.5,575.4464527
2009,56.9,552.7455521
2008,56.1,569.7612784
2007,55.3,475.11122
2006,54.3,422.6332374
2005,53.3,46.998871
2004,52.4,371.323865
2003,51.6,332.344351
2002,51.0,26.7635413
2001,56.0,235.4912324
2000,51.0,226.4759814
2015,59.6,33.681223
2014,59.1,312.7489794
2013,58.6,282.7555252
2012,58.0,265.285651
2011,57.4,26.479973
2010,56.8,231.1943256
2009,56.2,24.944652
2008,55.3,196.2472628
2007,54.8,17.79995
2006,54.1,165.8794176
2005,53.4,15.57434
2004,52.6,127.4296648
2003,51.9,112.849373
2002,51.5,122.4335893
2001,51.3,133.7427689
2000,58.0,135.9984455
2015,73.3,2954.119467
2014,73.0,3529.61843
2013,72.8,3558.796314
2012,72.7,348.482762
2011,72.6,367.429453
2010,72.5,3312.825985
2009,72.4,3444.5566
2008,72.4,3638.95946
2007,72.3,3112.285712
2006,72.1,234.28992
2005,71.8,248.13459
2004,71.4,1976.45856
2003,71.1,1768.92132
2002,77.0,1373.515636
2001,73.0,1268.884564
2000,69.9,1239.377855
2015,68.7,1163.18977
2014,68.3,198.687123
2013,67.8,128.419568
2012,67.4,95.244132
2011,67.0,882.491462
2010,66.6,785.6928841
2009,66.1,738.2326684
2008,65.6,745.7877873
2007,65.0,631.675789
2006,64.1,539.8791529
2005,62.9,474.2238766
2004,61.5,48.615184
2003,63.0,362.4213785
2002,59.3,339.676984
2001,58.5,321.22634
2000,57.7,3.685949
2015,57.3,1244.429421
2014,56.7,1441.1417
2013,56.4,1365.34419
2012,55.9,1255.648189
2011,55.6,1295.649726
2010,55.3,1182.869227
2009,54.8,123.19538
2008,54.2,1233.524316
2007,53.6,111.71186
2006,53.3,12.989164
2005,52.8,952.1872484
2004,52.1,93.211716
2003,51.8,824.8689393
2002,51.6,676.397661
2001,51.5,614.6729339
2000,51.4,68.414399
2015,82.2,43315.744
2014,82.0,544.43376
2013,81.8,52413.72116
2012,81.6,52496.69487
2011,81.5,5282.2176
2010,81.2,47447.4762
2009,81.0,4773.45436
2008,87.0,46596.33599
2007,85.0,44544.5268
2006,85.0,4386.69948
2005,81.0,36189.58838
2004,80.0,31979.87195
2003,79.7,28172.14883
2002,79.5,24167.8431
2001,79.4,23691.59472
2000,79.1,24124.16917
2015,52.5,348.381417
2014,58.0,377.132274
2013,49.9,337.4849614
2012,53.0,486.41114
2011,49.8,494.336779
2010,49.2,446.4434494
2009,48.6,449.961839
2008,47.6,456.8614334
2007,46.8,397.148467
2006,46.3,347.673678
2005,45.9,327.1149461
2004,45.7,313.21598
2003,45.7,286.25819
2002,45.6,253.768343
2001,45.6,243.1586486
2000,46.0,243.5429317
2015,53.1,777.248751
2014,52.6,125.998515
2013,52.2,986.13177
2012,51.8,973.472574
2011,51.6,989.2363633
2010,51.2,896.5697341
2009,57.0,84.455939
2008,49.6,929.772391
2007,49.4,81.683884
2006,48.5,712.1847694
2005,48.6,66.2421396
2004,48.5,454.6765879
2003,48.4,292.5914364
2002,48.1,22.854821
2001,48.0,197.3156442
2000,47.6,166.231785
2015,85.0,13653.2264
2014,83.0,14817.37778
2013,81.0,15941.39722
2012,79.9,15431.9293
2011,79.8,1475.69242
2010,79.1,1286.17764
2009,79.3,1243.32824
2008,79.6,1781.3668
2007,78.9,1526.87746
2006,78.9,9484.681227
2005,78.4,7615.3468
2004,78.0,621.828325
2003,77.9,4787.699532
2002,77.8,4463.545867
2001,77.3,4595.666327
2000,77.3,511.368479
2015,76.1,869.211938
2014,75.8,7683.5238
2013,75.6,777.77594
2012,75.4,6337.882993
2011,75.2,5633.79616
2010,75.0,456.512487
2009,74.9,3838.434292
2008,74.5,3471.247547
2007,74.4,2695.366223
2006,74.2,299.229676
2005,73.9,1753.4178
2004,73.5,158.668462
2003,73.1,1288.642924
2002,72.7,1148.5857
2001,72.2,153.1824
2000,71.7,959.372181
2015,74.8,644.525556
2014,74.6,7913.383432
2013,74.4,83.5863
2012,74.3,7884.984429
2011,74.2,7227.73968
2010,73.6,625.65544
2009,73.6,5148.422113
2008,73.5,5433.7245
2007,73.5,4674.21961
2006,73.1,379.78776
2005,73.1,3386.256
2004,72.8,274.249442
2003,72.4,2246.257472
2002,71.8,2355.725857
2001,71.5,2395.856551
2000,71.4,2472.197831
2015,63.5,727.6463868
2014,63.2,852.954379
2013,62.9,834.341949
2012,62.5,788.632653
2011,62.2,829.7586885
2010,61.8,769.1742883
2009,61.3,778.5454199
2008,61.0,795.97519
2007,66.0,72.759313
2006,63.0,648.38717
2005,60.0,621.93372
2004,59.8,616.4197236
2003,59.6,544.566526
2002,59.5,433.2691451
2001,59.5,395.9319363
2000,59.5,375.8528566
2015,79.6,1146.36273
2014,79.5,1647.44179
2013,79.4,1569.66631
2012,79.2,9985.36959
2011,79.0,9186.59639
2010,78.1,8199.414621
2009,79.2,689.396224
2008,78.9,6911.136136
2007,78.9,612.623418
2006,78.0,5245.187372
2005,78.6,4697.11135
2004,77.7,4425.57467
2003,78.0,4167.71417
2002,78.3,462.14965
2001,77.5,3981.52847
2000,77.6,388.363689
2015,78.0,11579.6674
2014,77.8,13467.46827
2013,77.7,13574.749
2012,77.1,13235.97757
2011,77.0,14539.18421
2010,76.6,1355.74586
2009,76.3,14157.14416
2008,76.0,15893.8656
2007,75.8,13546.69872
2006,75.9,11363.41845
2005,75.2,1224.2459
2004,75.4,9365.742468
2003,74.7,785.881418
2002,74.8,653.71637
2001,74.9,5245.421419
2000,74.7,4919.62869
2015,79.1,762.261218
2014,79.0,75.5199
2013,78.7,676.15344
2012,78.7,6425.941119
2011,78.8,675.92436
2010,78.0,5676.14143
2009,78.1,5484.7763
2008,77.9,5376.447622
2007,78.1,5184.494227
2006,78.0,4669.6916
2005,77.2,3779.577
2004,77.3,339.716256
2003,77.4,3192.669378
2002,77.7,2994.339988
2001,76.7,2832.188893
2000,76.9,2741.11542
2015,85.0,2375.1127
2014,83.0,2734.88382
2013,81.0,2797.96736
2012,80.0,28951.15556
2011,79.7,32233.83942
2010,79.5,3818.46396
2009,79.3,3215.8159
2008,79.1,3539.7488
2007,78.9,31386.63265
2006,78.8,27169.99256
2005,78.7,25324.48666
2004,78.6,23932.49128
2003,78.5,2293.4789
2002,78.4,16372.29152
2001,78.2,1562.92433
2000,78.1,14672.8826
2015,86.0,5314.64416
2014,84.0,62425.5392
2013,81.0,61191.19263
2012,80.0,5857.521
2011,79.7,61753.667
2010,79.2,5841.41122
2009,78.9,58163.29359
2008,78.8,64322.6664
2007,78.4,58487.451
2006,78.1,5226.99311
2005,78.1,48799.8237
2004,77.7,46511.6457
2003,77.3,4458.7764
2002,77.0,33228.69291
2001,77.0,3751.64946
2000,76.9,3743.55917
2015,63.5,1862.167274
2014,63.0,174.91511
2013,62.7,1622.637974
2012,62.2,1536.15685
2011,61.8,143.986898
2010,61.3,1325.99724
2009,69.0,1253.657431
2008,62.0,1214.77118
2007,59.8,147.586896
2006,59.1,965.6693779
2005,58.6,94.7297489
2004,58.1,864.184726
2003,58.0,819.974118
2002,57.9,792.15412
2001,57.7,781.2322196
2000,57.4,768.176767
2015,73.9,6468.471648
2014,73.6,6268.692122
2013,73.4,627.55544
2012,72.1,5968.876767
2011,73.1,5759.643
2010,72.7,5451.6696
2009,73.6,4952.67753
2008,73.3,511.37937
2007,72.9,4647.31359
2006,72.3,3836.468771
2005,69.7,3681.5993
2004,69.3,2421.9662
2003,73.0,2372.628827
2002,71.4,38.46578
2001,71.2,2862.154836
2000,72.0,282.4242
2015,76.2,625.62224
2014,76.0,6432.216537
2013,76.0,674.9829
2012,75.5,572.14313
2011,75.3,5223.351763
2010,75.0,4657.32361
2009,75.1,4255.56571
2008,74.6,4274.95265
2007,74.7,359.71886
2006,74.4,335.786541
2005,74.2,321.942547
2004,74.4,278.557892
2003,74.4,244.46898
2002,73.6,2183.966796
2001,73.4,193.741571
2000,72.8,1451.29776
2015,73.5,4127.11775
2014,73.3,3988.771871
2013,73.0,3895.664491
2012,73.0,3827.786267
2011,72.0,3736.58713
2010,72.0,3474.392445
2009,71.4,3366.482133
2008,71.7,357.347674
2007,71.2,334.83817
2006,75.0,362.951768
2005,71.0,2835.281237
2004,70.0,2632.79942
2003,69.9,2519.737387
2002,73.0,248.4125
2001,68.9,2338.772244
2000,69.0,2238.4116
2015,58.2,1347.31257
2014,57.9,192.59733
2013,57.4,2246.9938
2012,56.7,21557.6528
2011,56.2,21451.88617
2010,56.1,17136.44568
2009,55.7,1653.2937
2008,55.4,22742.38159
2007,55.0,15761.83913
2006,54.8,12732.2759
2005,54.4,185.63334
2004,54.1,685.34897
2003,53.8,3577.176197
2002,53.5,2711.17114
2001,53.1,2283.87939
2000,52.7,172.68491
2011,62.9,582.775532
2010,62.1,482.14994
2009,61.4,43.7544499
2008,67.0,326.825642
2007,62.0,317.3294336
2006,59.7,297.828588
2005,59.4,276.75896
2004,59.1,287.4222243
2003,58.8,232.7945459
2002,58.5,21.7687981
2001,58.1,215.139213
2000,45.3,28.1969487
2015,77.6,1774.9291
2014,77.3,19941.45532
2013,76.9,1929.7746
2012,76.3,17421.8922
2011,76.1,17454.84342
2010,75.6,14638.6482
2009,74.9,14726.31828
2008,74.2,1894.5485
2007,73.0,16586.452
2006,73.0,12595.4165
2005,72.8,1338.31322
2004,72.3,885.465115
2003,71.9,7174.237415
2002,71.2,538.347781
2001,78.0,4498.95727
2000,78.0,47.32827
2015,64.8,645.4637627
2014,64.2,571.1622759
2013,63.7,52.1535887
2012,63.3,468.567249
2011,62.6,354.8463544
2010,61.8,341.39992
2009,68.0,379.7566385
2008,59.8,325.3825543
2007,58.5,243.326822
2006,57.2,193.794956
2005,56.0,161.6266248
2004,55.0,135.7623858
2003,54.0,118.8734466
2002,53.2,111.3634356
2001,52.5,12.1789279
2000,51.2,123.876257
2015,69.9,4921.89629
2014,69.7,546.3728
2013,69.6,4763.68956
2012,69.4,4546.73854
2011,69.2,4353.121392
2010,69.1,3651.966784
2009,68.9,3369.48247
2008,68.7,4177.657789
2007,68.6,478.82327
2006,68.5,3749.939813
2005,68.3,3658.63832
2004,68.1,3332.918533
2003,68.0,2835.973972
2002,67.9,2259.55796
2001,67.8,238.891729
2000,67.7,276.1338
2015,81.1,4245.39744
2014,89.0,49914.61864
2013,87.0,49638.7713
2012,84.0,47415.55987
2011,83.0,579.72415
2010,79.9,4622.41516
2009,79.7,4717.15571
2008,79.6,5341.31487
2007,79.3,48288.5491
2006,79.2,4112.67651
2005,78.9,38969.17163
2004,78.7,37636.11173
2003,78.4,32816.1688
2002,78.1,26834.2625
2001,78.0,24913.24452
2000,77.5,24253.2542
2015,82.4,36526.7711
2014,82.2,42955.24287
2013,82.0,42554.1225
2012,81.5,4838.2444
2011,81.7,4381.288
2010,81.3,473.34279
2009,81.1,41631.13141
2008,89.0,45413.6571
2007,89.0,416.58397
2006,86.0,36544.5853
2005,81.0,34879.72633
2004,82.0,33874.74255
2003,79.3,29691.18158
2002,79.2,24275.2426
2001,79.0,22527.31775
2000,78.8,22465.64184
2015,66.0,7388.984144
2014,65.5,9692.163874
2013,64.6,9679.742995
2012,63.5,9774.18117
2011,62.8,1716.2258
2010,62.3,8754.113376
2009,61.7,763.66223
2008,61.6,194.2746
2007,61.6,8352.81711
2006,61.4,727.777345
2005,65.0,6741.293948
2004,59.7,5685.577736
2003,59.7,4892.11618
2002,59.7,412.55271
2001,59.8,3976.14887
2000,61.0,4116.46693
2015,74.4,3764.64912
2014,74.5,4429.6575
2013,74.5,4274.376857
2012,74.2,4142.869175
2011,73.9,3725.63221
2010,73.8,2964.47734
2009,73.2,276.588512
2008,73.9,3174.9491
2007,74.4,2492.12878
2006,73.9,1872.68416
2005,73.9,153.57521
2004,72.3,127.367228
2003,72.7,928.18227
2002,71.7,779.3845935
2001,73.0,733.974142
2000,71.8,691.997711
2015,81.0,41176.88158
2014,89.0,4792.65288
2013,86.0,4653.91143
2012,86.0,4465.24891
2011,85.0,4681.32796
2010,81.0,41785.55691
2009,80.0,41732.7725
2008,79.9,45699.19832
2007,79.8,41814.8191
2006,79.6,36447.87232
2005,79.2,34696.6292
2004,79.1,34165.9343
2003,78.5,3359.95215
2002,78.4,2525.16445
2001,78.3,23687.31689
2000,78.0,23718.7467
2015,62.4,1361.11395
2014,62.1,1432.227943
2013,61.9,1814.492297
2012,61.6,1629.8222
2011,61.2,1574.978653
2010,69.0,1312.67557
2009,66.0,186.76538
2008,63.0,1224.41554
2007,59.9,19.686718
2006,59.4,922.9351677
2005,58.9,498.172394
2004,58.3,423.1936389
2003,57.9,373.2815537
2002,57.6,39.484473
2001,57.4,273.6596668
2000,57.2,263.1124679
2015,81.0,187.78991
2014,88.0,21673.7817
2013,86.0,21874.8195
2012,84.0,22242.68193
2011,85.0,25916.29353
2010,83.0,26917.75898
2009,80.0,2971.973
2008,79.9,31997.2821
2007,79.4,28827.32636
2006,79.7,2481.15781
2005,79.3,22551.73574
2004,79.2,21955.149
2003,79.1,18477.57841
2002,79.0,1411.31339
2001,78.7,12538.17883
2000,78.2,1242.95373
2015,73.6,9212.192824
2014,73.5,8569.776998
2013,73.3,7955.615985
2012,73.1,7583.1872
2011,72.9,741.48438
2010,72.6,7365.666659
2009,72.4,7395.88125
2008,72.1,7946.944346
2007,71.9,7322.596862
2006,71.7,6764.722867
2005,71.5,6754.512393
2004,73.0,5836.17763
2003,71.1,5773.73577
2002,79.0,5292.232379
2001,77.0,519.958715
2000,74.0,5117.589923
2015,71.9,3923.573344
2014,71.7,3687.763767
2013,71.4,3452.828934
2012,71.3,3299.65139
2011,71.1,3187.845296
2010,77.0,2825.5247
2009,76.0,2635.753474
2008,79.0,2794.22189
2007,75.0,2489.955836
2006,69.7,2256.56724
2005,69.2,277.83438
2004,69.6,1872.73783
2003,69.4,1753.349471
2002,69.3,171.771491
2001,68.4,1568.376276
2000,67.7,1655.596261
2015,59.0,554.48766
2014,58.1,561.997387
2013,58.8,54.169324
2012,58.4,52.3485646
2011,58.1,459.2912
2010,57.8,438.7513346
2009,57.3,436.6895539
2008,56.8,437.4467238
2007,56.4,49.456775
2006,55.6,296.68382
2005,54.7,33.424498
2004,54.0,386.3288283
2003,53.3,37.1931781
2002,52.9,322.811171
2001,52.5,315.83983
2000,52.5,34.516918
2015,58.9,596.8717189
2014,58.4,642.6256154
2013,58.1,61.566347
2012,57.6,67.7518833
2011,57.1,692.69989
2010,56.7,543.957418
2009,56.3,544.222779
2008,55.6,583.5445622
2007,55.0,481.694976
2006,54.4,418.94454
2005,53.9,424.9534585
2004,53.5,393.3138244
2003,53.0,36.5718585
2002,52.8,321.481324
2001,52.5,39.486749
2000,52.1,297.7519443
2015,66.2,4136.689919
2014,66.0,43.82321
2013,65.9,3944.178173
2012,65.8,3785.935665
2011,65.6,3439.597513
2010,65.9,326.281212
2009,66.1,2716.35256
2008,66.3,2576.124957
2007,65.7,2327.58324
2006,65.2,1945.6395
2005,65.0,198.455216
2004,65.1,145.58861
2003,65.3,986.7958173
2002,65.3,96.8674827
2001,65.4,925.582546
2000,65.4,946.599372
2015,63.5,814.5463952
2014,63.1,83.1148117
2013,62.7,81.265673
2012,62.3,766.8437623
2011,62.3,74.9358452
2010,36.3,662.2795182
2009,62.5,668.297646
2008,62.1,674.7564147
2007,61.8,615.8198192
2006,61.1,55.47626
2005,65.0,465.311876
2004,58.7,387.9429725
2003,59.7,329.782946
2002,59.3,393.16327
2001,58.9,413.7383164
2000,58.6,462.486524
2015,74.6,2326.15856
2014,74.5,2242.711912
2013,74.3,2136.77395
2012,74.1,2178.38325
2011,73.9,212.584798
2010,73.6,1932.85829
2009,73.4,1815.489496
2008,73.2,1751.595857
2007,73.0,1592.572182
2006,72.8,1437.628785
2005,72.5,1311.741714
2004,72.2,1217.657961
2003,71.9,1157.3427
2002,71.6,1132.8721
2001,71.3,113.4546
2000,71.0,188.783165
2015,75.8,12365.6263
2014,75.6,14117.97668
2013,75.5,13613.6147
2012,75.0,12834.32349
2011,74.8,1448.87958
2010,74.5,1325.53379
2009,74.2,12967.16543
2008,74.1,15669.25929
2007,73.5,13842.6549
2006,73.4,11398.76584
2005,72.9,11161.72441
2004,72.9,1259.5266
2003,72.5,8396.25323
2002,72.5,665.6443
2001,72.3,527.85364
2000,71.7,4623.46712
2015,82.7,5734.4436
2014,82.5,52473.11356
2013,82.4,4781.3888
2012,82.5,44333.8518
2011,82.1,46.217
2010,81.8,41676.44527
2009,81.6,4461.89251
2008,81.4,55575.29196
2007,81.3,68348.31817
2006,81.1,5613.54115
2005,81.0,56249.7555
2004,88.0,46917.27216
2003,87.0,3944.999
2002,84.0,31996.2172
2001,80.0,28585.9254
2000,79.7,31813.37344
2015,68.3,1613.18878
2014,68.0,1573.11889
2013,67.6,1452.195373
2012,67.3,1446.98541
2011,66.8,1461.671957
2010,66.4,1345.77153
2009,66.0,19.317765
2008,65.5,991.484634
2007,65.2,118.166373
2006,64.8,792.259698
2005,64.4,77.819
2004,64.0,621.3183767
2003,63.7,541.1352279
2002,63.3,466.2842
2001,62.9,447.138966
2000,62.5,438.864634
2015,69.1,3336.16686
2014,68.9,3491.595887
2013,68.7,362.663981
2012,68.5,3687.953996
2011,68.3,3634.27685
2010,68.1,3113.48635
2009,67.9,2254.44566
2008,67.7,216.52766
2007,67.5,1855.93915
2006,67.3,1586.254
2005,67.2,126.928834
2004,65.3,1148.56996
2003,66.9,164.59447
2002,66.7,899.5556857
2001,66.5,747.9817455
2000,66.3,78.92744
2015,68.9,4974.2693
2014,67.9,673.74737
2013,69.5,6925.22446
2012,76.0,6651.12242
2011,77.0,5854.614497
2010,76.0,452.74948
2009,74.0,3735.144836
2008,69.3,4521.3247
2007,65.9,3129.224922
2006,64.7,2351.812429
2005,66.8,1849.63911
2004,67.2,1391.816923
2015,81.4,6664.144
2014,81.2,5553.32623
2013,81.0,5234.76736
2012,85.0,49231.36254
2011,84.0,52567.52568
2010,86.0,48538.58776
2009,79.7,51983.78892
2008,79.8,61235.415
2007,79.5,61388.17457
2006,79.0,54326.9713
2005,78.7,5886.82789
2004,78.3,47631.6377
2003,78.0,4117.15532
2002,77.4,32539.1937
2001,77.0,28223.55528
2000,76.4,26241.91883
2015,82.5,35729.37253
2014,82.2,37582.84624
2013,82.1,36393.66932
2012,81.8,32569.59683
2011,81.8,33657.15727
2010,81.7,3661.994
2009,81.5,27795.87671
2008,81.0,29657.4421
2007,84.0,258.637
2006,84.0,2195.1769
2005,80.0,2611.17931
2004,81.0,19888.172
2003,79.7,18946.99942
2002,79.3,18431.15696
2001,79.3,236.19646
2000,78.9,2152.1432
2015,82.7,349.14755
2014,82.5,35396.66517
2013,82.3,3537.27441
2012,82.0,34814.12436
2011,82.0,38334.68477
2010,81.8,35849.37364
2009,81.6,36976.84512
2008,81.5,464.18465
2007,81.3,37698.78573
2006,81.2,3341.7482
2005,88.0,31959.26215
2004,89.0,31174.56118
2003,79.9,27387.2258
2002,80.0,22196.5736
2001,79.8,24.819
2000,79.4,251.2426
2015,76.2,4965.989857
2014,75.8,4855.743789
2013,75.6,56.144952
2012,75.3,521.33363
2011,75.2,513.549487
2010,75.0,4682.728424
2009,74.7,4293.383274
2008,74.5,492.492378
2007,74.2,462.517913
2006,74.0,4313.1682
2005,73.5,482.24762
2004,73.3,3719.97351
2003,73.1,3465.221998
2002,73.0,3596.496282
2001,72.7,3394.878
2000,72.6,336.8742
2015,83.7,34474.13736
2014,83.5,3896.21151
2013,83.5,4454.44746
2012,83.3,4863.47665
2011,82.5,48167.99727
2010,83.0,4457.67639
2009,83.0,4855.17564
2008,82.7,39339.29757
2007,82.6,35275.22843
2006,82.4,35433.98896
2005,82.0,37217.64873
2004,82.1,37688.72234
2003,81.9,3488.3992
2002,81.8,32289.3554
2001,81.5,33846.46564
2000,81.1,38532.488
2015,74.1,496.99275
2014,74.0,466.94775
2013,73.9,3992.86717
2012,73.7,387.753211
2011,73.6,387.324145
2010,73.4,3679.19275
2009,73.3,3492.1396
2008,73.1,3385.69665
2007,73.0,2762.86354
2006,72.8,2537.349
2005,72.4,223.83787
2004,72.5,261.456882
2003,72.3,1889.213962
2002,72.1,1812.288374
2001,71.9,1728.2659
2000,71.7,1657.889256
2015,72.0,159.9817
2014,69.9,1286.56511
2013,69.5,1389.8561
2012,69.1,12387.18982
2011,68.5,11634.42422
2010,67.8,97.649972
2009,67.8,7165.2775
2008,66.6,8513.564645
2007,65.3,6771.414797
2006,65.0,5291.57565
2005,64.6,3771.278957
2004,64.7,2874.288291
2003,64.4,268.123657
2002,64.7,1658.31146
2001,64.4,149.926751
2000,63.9,1229.958
2015,63.4,1349.97144
2014,62.9,1335.6458
2013,62.6,1229.114798
2012,62.1,1155.2582
2011,61.2,987.4453967
2010,63.0,967.34773
2009,59.1,92.816252
2008,57.9,916.8992515
2007,56.8,839.181117
2006,55.3,697.66385
2005,54.1,519.7999346
2004,53.0,458.8843551
2003,52.4,436.6875357
2002,52.1,395.8493511
2001,51.9,41.7763612
2000,51.9,43.9797132
2015,66.3,1424.483611
2014,66.1,1684.54274
2013,65.8,1724.361737
2012,65.7,1763.815497
2011,65.5,1692.613277
2010,65.3,1493.1651
2009,65.2,1297.285141
2008,65.1,1413.3234
2007,65.0,1357.632211
2006,65.0,1151.555618
2005,64.9,1214.556667
2004,64.8,113.6286
2003,64.7,115.3865
2002,64.6,826.58554
2001,64.3,734.9492461
2000,64.1,796.7937634
2015,74.7,28975.418
2014,74.6,42996.4812
2013,74.5,48399.9581
2012,74.3,51264.7134
2011,74.2,48268.5912
2010,74.0,38497.61696
2009,73.9,37567.3121
2008,73.8,55571.9986
2007,73.7,45793.97614
2006,73.6,42717.55725
2005,73.6,3549.26132
2004,73.5,26921.8278
2003,73.4,2271.56961
2002,73.3,17789.41981
2001,73.2,1654.96761
2000,73.2,18389.38433
2015,74.6,13666.58336
2014,74.4,15725.1374
2013,74.1,1532.22924
2012,73.8,13822.8559
2011,73.6,1372.68947
2010,72.8,11326.21947
2009,72.6,12219.37379
2008,71.9,16348.53121
2007,78.0,1444.1589
2006,75.0,9667.9757
2005,76.0,7558.7426
2004,71.0,6351.8125
2003,78.0,5134.95694
2002,73.0,4132.34927
2001,69.9,3572.8513
2000,71.0,3352.731296
2015,74.9,846.632851
2014,74.8,8161.4614
2013,74.9,846.285153
2012,75.0,8787.94668
2011,75.0,8734.9653
2010,74.9,8763.826274
2009,74.7,84.268878
2008,74.5,712.775759
2007,74.4,614.271115
2006,74.1,5372.65899
2005,73.9,5339.441291
2004,73.7,5424.22356
2003,73.5,5425.6697
2002,73.2,5436.595223
2001,73.0,5253.122599
2000,72.7,5334.93329
2015,53.7,173.82893
2014,52.1,1174.839214
2013,52.1,1196.1335
2012,52.2,1281.516
2011,52.3,1352.38433
2010,51.1,1173.26212
2009,49.4,923.136931
2008,47.8,934.428563
2007,46.2,918.432717
2006,45.3,915.775754
2005,44.5,862.9463118
2004,44.8,781.5145936
2003,45.5,63.636279
2002,46.4,47.89395
2001,47.8,437.819184
2000,49.3,474.8197876
2015,61.4,452.38717
2014,58.1,458.4651734
2013,61.1,454.1222236
2012,67.0,415.361958
2011,62.0,379.689583
2010,59.7,327.42597
2009,59.2,33.667491
2008,58.6,232.61732
2007,57.9,21.3733292
2006,56.7,178.92799
2005,55.3,168.648254
2004,54.0,149.4452549
2003,50.0,133.494518
2002,56.0,177.285187
2001,51.5,174.1815473
2000,51.9,183.4149991
2011,71.3,562.549434
2010,72.8,1212.56217
2009,72.7,1296.97353
2008,72.6,14396.4865
2007,72.5,1138.56661
2006,72.2,9344.987518
2005,71.9,8171.361651
2004,71.5,586.8364
2003,71.3,4676.96753
2002,71.1,375.442638
2001,71.0,6269.58123
2000,78.0,7145.628494
2015,73.6,14252.42853
2014,73.4,16554.97139
2013,73.0,15712.82376
2012,73.0,14341.836
2011,72.8,14357.73679
2010,72.4,11984.86857
2009,72.2,11837.3913
2008,71.1,14961.56818
2007,72.0,12297.91535
2006,76.0,924.642548
2005,78.0,7863.1629
2004,71.6,676.966998
2003,71.6,555.535669
2002,71.4,4146.987928
2001,71.2,353.147337
2000,71.6,3297.35471
2015,82.0,1199.8223
2014,81.7,119172.7418
2013,81.4,113751.85
2012,81.1,16749.136
2011,88.0,115761.577
2010,86.0,14965.361
2009,83.0,13198.6693
2008,80.0,114293.8433
2007,79.7,1618.4928
2006,79.4,89739.7117
2005,78.8,8289.69641
2004,78.7,75716.3518
2003,78.6,65445.8853
2002,78.3,5293.64115
2001,78.0,48179.4285
2000,77.8,48735.99549
2015,65.5,41.8575951
2014,65.1,452.4631926
2013,64.7,461.723722
2012,64.3,443.9611
2011,63.8,454.963464
2010,63.3,412.739341
2009,62.8,415.6893226
2008,62.3,47.733254
2007,61.9,377.8482928
2006,61.4,292.157443
2005,69.0,274.819723
2004,64.0,245.1235876
2003,59.9,316.7998965
2002,59.3,262.2859481
2001,58.7,278.555732
2000,57.9,245.939659
2015,58.3,362.6575444
2014,57.6,354.7253961
2013,56.7,332.922339
2012,55.3,374.51882
2011,54.1,512.125451
2010,52.9,458.8681744
2009,51.5,42.7379657
2008,50.0,372.842678
2007,48.5,32.2227274
2006,47.1,297.6971211
2005,46.0,28.3673842
2004,45.1,274.2256294
2003,44.6,26.152517
2002,44.0,29.9798977
2001,43.5,146.7615397
2000,43.1,153.2594872
2015,75.0,9643.644683
2014,74.8,11183.96191
2013,74.6,1882.27842
2012,74.5,1779.49641
2011,74.3,145.1262
2010,74.1,971.356987
2009,74.0,7326.744435
2008,73.8,8513.629541
2007,73.7,7269.17114
2006,73.6,6222.982955
2005,73.4,5593.822995
2004,73.2,4955.477743
2003,73.1,4463.675893
2002,72.9,4167.364387
2001,72.7,3915.11546
2000,72.4,445.17471
2015,78.5,8395.785198
2014,78.2,7716.2415
2013,77.9,7112.33575
2012,77.6,6541.7465
2011,77.3,6497.55443
2010,76.7,633.79498
2009,76.3,597.1659
2008,75.9,5828.621374
2007,75.4,52.862285
2006,75.0,4428.522898
2005,74.3,3488.493769
2004,73.4,3853.33348
2003,72.7,3432.247841
2002,71.8,32.37239
2001,78.0,298.67598
2000,69.6,2182.99711
2015,58.2,729.725338
2014,57.8,825.5729915
2013,57.3,777.659139
2012,57.2,777.3476868
2011,56.8,835.88998
2010,56.5,78.377632
2009,56.0,697.153124
2008,55.5,689.6784228
2007,55.0,595.6368319
2006,54.3,521.6425796
2005,53.6,487.942556
2004,52.8,439.3572924
2003,52.0,391.791281
2002,51.2,334.22416
2001,55.0,36.8473237
2000,49.8,269.3483829
2015,81.7,23819.4636
2014,81.4,2618.92599
2013,81.1,2393.1888
2012,81.0,2193.8836
2011,87.0,22821.847
2010,83.0,2187.79469
2009,82.0,2675.58259
2008,80.0,21928.767
2007,79.6,19375.5696
2006,79.3,16671.5672
2005,79.0,15835.34667
2004,78.7,1519.5497
2003,78.5,13689.98999
2002,78.2,11843.9392
2001,77.8,1121.78636
2000,77.5,1139.5651
2015,63.1,1158.256469
2014,63.0,1326.66882
2013,62.7,145.57838
2012,62.5,1364.283745
2011,62.2,1393.261593
2010,62.0,123.383675
2009,61.7,146.83851
2008,61.4,1167.535689
2007,61.2,113.3128
2006,69.0,944.134851
2005,66.0,697.7451989
2004,64.0,62.547286
2003,63.0,528.586613
2002,62.0,46.9542322
2001,61.0,464.229758
2000,60.0,477.476124
2015,74.6,9252.11724
2014,74.2,1153.93822
2013,74.1,9637.265
2012,73.9,9291.227619
2011,73.6,9197.26972
2010,73.3,8.376432
2009,72.8,7318.12641
2008,72.7,83.635
2007,72.9,6574.654338
2006,71.8,5695.969327
2005,72.1,5116.45424
2004,71.9,5229.876738
2003,71.5,4623.347642
2002,71.5,3957.51296
2001,71.5,3792.182152
2000,71.0,3861.32414
2015,76.7,9143.128494
2014,76.6,1452.27766
2013,76.6,1298.86766
2012,76.3,982.532572
2011,76.1,9834.472689
2010,75.6,8959.581416
2009,75.7,7748.12331
2008,75.6,9689.52887
2007,76.0,933.341687
2006,75.8,8767.92258
2005,75.3,7986.798439
2004,75.4,7199.59665
2003,75.0,6751.998987
2002,75.0,716.8219
2001,75.0,731.378864
2000,74.8,672.92113
2015,68.8,3944.1839
2014,68.4,4181.583321
2013,68.1,4385.379355
2012,67.8,4368.82248
2011,67.3,3769.595255
2010,66.3,265.353659
2009,66.9,1717.898761
2008,67.4,2139.625631
2007,65.9,1634.81431
2006,65.0,1334.651896
2005,64.5,998.8226671
2004,64.0,797.8377432
2003,64.0,646.561295
2002,63.8,571.51883
2001,63.2,524.145924
2000,62.8,474.2133361
2015,76.1,6461.192554
2014,75.9,7378.345289
2013,75.8,7186.429787
2012,75.6,6586.71929
2011,75.4,7318.742449
2010,75.3,6682.281158
2009,75.0,6698.79439
2008,74.6,7325.73474
2007,74.2,5957.145693
2006,73.8,4383.59597
2005,73.6,3674.617924
2004,73.5,338.199535
2003,73.5,2789.1735
2002,73.4,216.243274
2001,73.3,199.583957
2000,73.0,1627.42893
2015,74.3,2847.285569
2014,74.1,3154.513484
2013,73.9,3111.762887
2012,73.6,294.746728
2011,73.3,339.91616
2010,72.8,2834.2472
2009,72.3,2861.5545
2008,71.8,2884.94776
2007,71.4,2494.353552
2006,71.0,2191.478567
2005,77.0,213.755559
2004,72.0,1948.812275
2003,69.9,1721.973863
2002,69.5,1413.757176
2001,69.0,1336.775376
2000,68.6,1332.382358
2015,57.6,528.3125597
2014,56.7,623.2871141
2013,55.3,65.985681
2012,54.8,566.513873
2011,54.3,526.5313517
2010,54.0,419.2258149
2009,53.8,463.852618
2008,53.2,53.127719
2007,52.1,422.1461573
2006,51.2,385.7567141
2005,58.0,369.1545359
2004,54.0,336.3318145
2003,51.0,283.8911588
2002,49.8,262.884551
2001,49.5,256.4414872
2000,49.0,277.6486591
2015,66.6,1194.59137
2014,66.4,1262.893782
2013,66.2,1168.83947
2012,65.9,1171.58257
2011,65.6,1186.423937
2010,65.4,987.7365832
2009,65.2,741.777116
2008,59.2,643.951373
2007,64.5,41.451
2006,64.2,296.97284
2005,63.9,247.24276
2004,63.5,219.8156688
2003,63.2,219.782326
2002,62.8,143.77651
2001,62.5,138.9249275
2000,62.1,193.187484
2015,65.8,4737.66996
2014,65.9,5421.343953
2013,66.1,5488.131712
2012,65.8,5749.44752
2011,64.3,56.971392
2010,63.0,5191.58381
2009,62.4,4153.497885
2008,61.7,429.6561
2007,60.0,422.51968
2006,57.0,3881.29535
2005,55.1,3573.146387
2004,54.7,3288.257373
2003,55.0,2482.36862
2002,55.7,1713.47594
2001,56.5,1834.29486
2000,57.4,257.99557
2015,69.2,743.7653489
2014,69.6,76.2386977
2013,69.3,688.6172788
2012,68.9,681.7925868
2011,68.4,692.1166842
2010,68.0,592.1835216
2009,67.5,48.7299
2008,67.0,473.844449
2007,66.6,393.8843518
2006,66.0,348.6314534
2005,65.4,317.89198
2004,64.7,287.4156
2003,64.3,253.72412
2002,63.1,246.375621
2001,63.2,248.6183539
2000,62.5,231.42554
2015,81.9,44292.88473
2014,81.7,52157.4687
2013,81.4,51574.48942
2012,81.1,49474.7561
2011,81.1,5354.6536
2010,88.0,5338.25483
2009,86.0,519.349
2008,83.0,56928.8248
2007,82.0,51241.31562
2006,79.8,44453.97119
2005,79.4,41577.169
2004,79.2,39954.64222
2003,78.7,35245.1647
2002,78.4,28817.32321
2001,78.3,26584.12169
2000,78.1,25921.12794
2015,81.6,3821.8937
2014,81.5,4453.24673
2013,81.3,42889.88141
2012,81.1,3997.25624
2011,86.0,38426.5581
2010,89.0,33691.34837
2009,85.0,282.94193
2008,81.0,31287.77865
2007,81.0,3259.73471
2006,79.9,2667.86452
2005,79.9,2775.89515
2004,79.2,2542.39935
2003,79.1,21913.7817
2002,78.7,16874.31232
2001,78.5,13882.85683
2000,78.6,13641.1272
2015,74.8,295.966488
2014,74.5,1975.46477
2013,73.9,1847.19849
2012,73.9,1792.3845
2011,74.5,1682.957924
2010,73.2,1526.497938
2009,73.2,1464.497754
2008,72.5,1518.85386
2007,72.5,1344.31871
2006,73.0,124.992617
2005,71.2,1175.116225
2004,71.0,191.55157
2003,76.0,115.565314
2002,75.0,11.147277
2001,73.0,143.6758
2000,73.0,116.2743
2015,61.8,358.99731
2014,61.4,43.646498
2013,69.0,416.14838
2012,63.0,391.515524
2011,59.4,375.5819866
2010,58.2,348.151511
2009,57.1,341.2894618
2008,56.0,354.8185998
2007,55.2,292.55962
2006,54.5,258.463873
2005,53.7,25.383731
2004,52.9,232.5661574
2003,52.1,215.8548
2002,51.4,177.828384
2001,56.0,165.257247
2000,50.0,158.455972
2015,54.5,2655.157977
2014,53.6,3221.678128
2013,53.2,2996.96432
2012,52.7,2755.297787
2011,52.3,2527.9423
2010,52.0,2327.3267
2009,51.6,197.661422
2008,59.0,1383.893354
2007,55.0,1136.829645
2006,49.8,119.743286
2005,49.2,87.8938738
2004,48.5,648.815852
2003,48.1,512.65719
2002,47.7,459.4572117
2001,47.4,351.7996666
2000,47.1,379.1193264
2015,81.8,7455.24654
2014,81.6,975.49856
2013,81.5,1291.435
2012,81.3,11563.727
2011,81.1,1574.9861
2010,81.0,87646.75346
2009,89.0,817.77681
2008,86.0,9688.5961
2007,85.0,85128.65759
2006,84.0,74114.69715
2005,81.0,66775.3944
2004,79.8,5757.26916
2003,79.4,5111.65445
2002,78.9,4361.1538
2001,78.8,38549.58934
2000,78.5,38146.71539
2015,76.6,16627.36433
2014,76.4,2458.45226
2013,76.2,21268.7564
2012,76.0,22134.916
2011,75.8,2986.36
2010,75.6,1928.74739
2009,75.4,16784.34616
2008,75.2,2275.3536
2007,74.9,1585.13226
2006,74.7,1448.55
2005,74.3,12376.97936
2004,74.0,1129.28886
2003,73.6,969.8126
2002,73.3,8629.11774
2001,72.9,8476.61511
2000,72.6,861.18596
2015,66.4,1431.244865
2014,66.2,1316.98966
2013,66.0,1272.44161
2012,65.7,1261.28967
2011,65.5,1226.215314
2010,65.1,14.142268
2009,64.8,16.63999
2008,64.6,139.31288
2007,64.4,95.4327931
2006,64.2,873.772727
2005,62.9,711.4699463
2004,63.7,649.848233
2003,63.5,563.594342
2002,63.2,499.8633
2001,63.0,51.6568157
2000,62.8,533.8624114
2015,77.8,13134.4367
2014,77.6,12593.7374
2013,77.5,11685.97983
2012,77.2,1589.82713
2011,77.3,927.723171
2010,76.5,7937.259931
2009,76.8,7429.628274
2008,76.5,6973.9284
2007,76.4,668.8667
2006,76.2,5348.518399
2005,75.8,4916.54886
2004,75.8,4591.892776
2003,75.5,4267.13578
2002,75.7,4126.14671
2001,75.5,446.372833
2000,75.7,46.29935
2014,62.7,2182.716565
2013,62.4,229.95364
2012,62.2,271.318741
2011,62.0,177.867119
2010,61.8,1366.879112
2009,61.6,1166.66337
2008,61.4,1178.72469
2007,61.1,956.668952
2006,68.0,854.346921
2005,64.0,77.5773486
2004,59.9,637.3616215
2003,59.6,588.3582595
2002,59.3,511.665773
2001,59.1,539.41528
2000,58.9,631.9468526
2015,74.0,419.367724
2014,73.9,4712.822736
2013,73.8,4479.95858
2012,73.6,3855.537735
2011,73.4,3988.11894
2010,73.2,3225.591754
2009,73.0,2599.596259
2008,72.7,359.992184
2007,72.5,2312.192926
2006,72.3,189.71539
2005,72.1,157.145691
2004,71.9,148.527976
2003,71.7,1174.779347
2002,71.5,1148.229882
2001,71.2,1417.26582
2000,79.0,1545.626423
2015,75.5,63.343259
2014,75.3,6491.5245
2013,75.3,6583.116248
2012,74.9,6387.785281
2011,74.5,5771.565878
2010,73.7,522.493191
2009,73.8,4166.93387
2008,73.9,428.87811
2007,74.0,3611.2147
2006,74.2,3171.49856
2005,72.8,2754.7829
2004,72.2,2448.143899
2003,72.1,218.25997
2002,72.6,259.192958
2001,72.4,1981.243653
2000,71.4,1996.719689
2015,68.5,2878.33837
2014,68.4,2842.938353
2013,68.1,276.289146
2012,68.1,2581.818554
2011,68.0,2352.518156
2010,67.9,2129.499242
2009,68.0,1825.341521
2008,67.5,1919.466195
2007,67.5,1672.685433
2006,67.3,1391.772325
2005,67.0,1194.697155
2004,67.3,179.3715
2003,67.2,11.553196
2002,66.8,1.68135
2001,66.8,957.287441
2000,66.8,138.91977
2015,77.5,12565.9876
2014,77.3,14341.675
2013,77.1,1378.54911
2012,76.8,13145.1484
2011,76.7,13893.18768
2010,76.3,12599.52486
2009,75.7,11527.59323
2008,75.5,141.44688
2007,75.3,1126.31852
2006,75.2,94.7726
2005,75.0,821.251569
2004,74.9,6681.178818
2003,74.7,5693.52416
2002,74.5,5196.932921
2001,74.2,4981.198619
2000,73.7,4492.72764
2015,81.1,1922.681
2014,89.0,2277.53613
2013,86.0,21618.73534
2012,83.0,2577.4264
2011,82.0,23196.18375
2010,79.6,22538.6548
2009,79.3,2363.97161
2008,79.0,24815.6884
2007,78.7,2278.5845
2006,78.5,19821.44463
2005,77.7,18784.9485
2004,78.0,1845.5881
2003,77.3,15772.7334
2002,77.2,12882.28897
2001,76.9,11729.14616
2000,76.6,1152.39681
2015,78.2,66346.52267
2014,78.1,86852.7119
2013,77.9,8834.87958
2012,77.8,88564.82298
2011,77.5,85948.746
2010,77.3,736.22784
2009,77.0,61478.23813
2008,76.8,82967.37228
2007,76.7,675.61258
2006,76.6,6256.55926
2005,76.6,51488.49529
2004,76.6,41818.35256
2003,76.5,34176.98183
2002,76.4,2999.65492
2001,76.3,2843.63635
2000,76.2,29986.2915
2015,75.0,8958.788593
2014,74.8,12.27733
2013,74.6,9585.266593
2012,74.4,8558.39766
2011,74.3,92.277825
2010,73.4,8297.483621
2009,73.1,822.18329
2008,73.1,1136.47356
2007,72.9,8214.185378
2006,72.5,5828.745662
2005,71.9,4676.315183
2004,71.7,3552.92452
2003,71.1,2774.95586
2002,77.0,2124.873613
2001,78.0,1839.72945
2000,77.0,1668.162731
2015,75.0,9329.298351
2014,73.0,14125.961
2013,70.0,15543.67653
2012,69.6,15154.45687
2011,69.4,14212.687
2010,68.4,1674.98771
2009,68.2,8562.89598
2008,67.5,11635.2637
2007,67.3,911.25385
2006,66.4,692.194398
2005,65.0,5323.473877
2004,64.9,412.372294
2003,64.6,2975.132778
2002,64.8,2375.5944
2001,65.1,21.362386
2000,65.0,1771.58662
2015,66.1,71.348397
2014,65.7,76.5699517
2013,65.2,688.8768557
2012,64.6,678.796973
2011,63.8,617.317648
2010,62.8,563.491487
2009,61.0,539.1538211
2008,68.0,5.6687264
2007,59.6,44.853339
2006,57.6,342.3656294
2005,55.3,287.931877
2004,53.4,236.9114381
2003,52.0,212.6619491
2002,57.0,196.59778
2001,48.6,21.569654
2000,48.3,216.172747
2015,74.0,4149.363444
2014,73.8,4178.973369
2013,73.6,4219.65123
2012,73.2,4234.554443
2011,73.0,3942.9827
2010,72.6,3453.487434
2009,76.0,335.112838
2008,72.5,359.82223
2007,72.2,322.543121
2006,72.0,287.963899
2005,71.6,2571.262348
2004,71.4,2351.33814
2003,79.0,197.29417
2002,76.0,1631.41727
2001,75.0,1555.47451
2000,72.0,154.68923
2015,67.5,1624.63963
2014,67.3,1821.878734
2013,67.1,1619.532678
2012,66.9,138.949959
2011,66.6,134.326189
2010,66.2,1129.754961
2009,65.8,199.57146
2008,65.4,1126.46212
2007,65.1,894.927988
2006,64.7,843.89447
2005,64.3,81.86157
2004,63.8,693.345683
2003,63.4,649.342153
2002,63.1,555.8185378
2001,62.8,51.216381
2015,74.5,2732.86172
2014,74.4,24575.434
2013,74.3,24934.38614
2012,74.1,2533.9462
2011,73.9,2377.74739
2010,73.7,19259.58726
2009,73.4,1694.2931
2008,73.3,237.83234
2007,73.2,16472.1665
2006,73.2,15334.66994
2005,73.1,13739.82945
2004,73.1,11138.8746
2003,73.0,9567.458285
2002,72.9,8655.311531
2001,72.8,8643.4944
2000,72.6,9126.954277
2015,66.7,98.7256145
2014,66.4,152.443873
2013,66.0,148.912351
2012,65.6,136.4518
2011,64.9,18.25321
2010,64.3,11.631377
2009,63.5,12.566464
2008,62.8,11.33678
2007,62.1,95.3978522
2006,61.3,89.838296
2005,65.0,773.8698713
2004,59.7,733.581811
2003,59.0,642.7663113
2002,58.4,513.26227
2001,57.9,481.287397
2000,57.5,473.45338
2015,75.6,5237.255334
2014,75.4,62.173221
2013,75.3,6353.826383
2012,74.9,5659.3824
2011,74.6,6423.291783
2010,74.4,5411.87744
2009,74.1,5821.35397
2008,74.0,671.773913
2007,73.8,5458.121718
2006,73.6,4129.758741
2005,73.0,3528.1318
2004,73.0,3331.228766
2003,73.0,2832.49652
2002,72.9,2149.9944
2001,73.1,1634.87561
2000,72.6,87.1365252
2015,73.2,1539.464
2014,73.0,1557.77892
2013,72.9,15687.34795
2012,72.7,12845.17363
2011,72.6,12189.9516
2010,72.4,184.68447
2009,72.3,976.9566
2008,72.2,11122.8627
2007,72.2,12154.82994
2006,72.2,1214.39987
2005,72.2,1192.5174
2004,72.1,1176.65871
2003,72.1,8524.961236
2002,72.1,8331.261997
2001,72.0,7663.1378
2000,71.8,7578.85153
2015,51.0,587.538233
2014,48.1,78.4394757
2013,54.0,71.8186998
2012,49.7,561.8984239
2011,48.9,445.525
2010,48.1,45.128418
2009,47.1,394.5932439
2008,46.2,46.3759178
2007,45.3,358.8274716
2006,44.3,322.313468
2005,43.3,287.6891942
2004,42.3,263.145817
2003,41.5,263.7618312
2002,48.0,249.939542
2001,41.0,227.779471
2000,39.0,139.3147734
2015,83.1,53629.73746
2014,82.9,56336.7234
2013,82.7,5629.18914
2012,82.5,54431.16199
2011,82.2,53166.67581
2010,82.0,46569.67951
2009,81.7,38577.55822
2008,81.4,39721.4818
2007,81.1,39223.58187
2006,87.0,33579.85948
2005,82.0,29869.85398
2004,79.7,2745.27136
2003,79.3,23573.6284
2002,79.0,2216.83279
2001,78.7,21577.7823
2000,78.3,23792.677
2015,88.0,2729.86383
2014,87.0,242.67286
2013,85.0,2315.31799
2012,82.0,22486.47167
2011,79.8,24985.24827
2010,79.5,23437.4722
2009,79.1,24633.79785
2008,78.9,2751.8127
2007,78.3,23841.31792
2006,78.1,19726.1265
2005,77.5,18169.1891
2004,77.2,1726.9151
2003,76.5,1488.47154
2002,76.6,11814.9994
2001,76.2,1479.29634
2000,76.0,1227.73677
2015,69.2,1922.41388
2014,68.8,29.652622
2013,68.8,188.5159
2012,68.7,1858.689868
2011,68.5,1642.837974
2010,68.3,1272.44825
2009,68.1,1158.282672
2008,68.0,125.79167
2007,67.6,146.931125
2006,67.6,948.6592511
2005,67.4,88.874858
2004,67.1,818.442619
2003,66.8,744.7657423
2002,66.5,784.9562874
2001,66.2,944.81684
2000,65.8,154.518572
2015,55.0,426.98537
2014,54.3,417.89143
2013,54.2,47.5432354
2015,62.9,5769.77258
2014,62.0,6479.625659
2013,69.0,6876.953821
2012,59.2,7548.163698
2011,58.9,849.954224
2010,58.0,7362.76139
2009,56.5,5888.6284
2008,55.3,5786.59972
2007,54.5,6125.39984
2006,54.0,5631.73485
2005,53.8,5414.634326
2004,53.7,4863.51688
2003,54.0,3775.68275
2002,54.9,2518.398261
2001,56.0,2681.781
2000,57.3,337.2253
2015,57.3,758.725782
2014,56.6,1151.861715
2013,56.4,1186.11325
2012,56.0,958.45581
2011,55.4,176.9713
2010,55.0,1562.239346
2009,54.3,1264.78998
2008,53.6,1678.711862
2015,82.8,25683.84565
2014,82.6,296.47225
2013,82.4,2921.9342
2012,82.0,28562.29324
2011,82.1,31834.21816
2010,81.9,3736.228
2009,81.6,32333.4661
2008,81.3,35578.73619
2007,89.0,3279.414
2006,88.0,28482.6948
2005,81.0,2651.71745
2004,81.0,24918.64584
2003,79.4,21495.7741
2002,79.5,1719.53541
2001,79.4,15323.6114
2000,79.1,14676.769
2015,74.9,3844.89123
2014,74.7,382.54994
2013,74.6,361.289374
2012,74.5,335.521375
2011,74.5,322.992615
2010,74.5,2819.511161
2009,71.8,216.681584
2008,72.3,254.489192
2007,73.7,1644.816372
2006,73.8,1448.7611
2005,74.2,1259.87591
2004,69.1,174.6692
2003,73.9,989.4547732
2002,73.7,873.1472436
2001,72.7,837.699787
2000,71.5,875.412178
2015,64.1,2513.884661
2014,63.8,2176.89829
2013,63.5,1955.66799
2012,63.2,1892.894352
2011,62.7,1666.857757
2010,62.5,1476.47887
2009,62.0,1226.884381
2008,61.8,1291.528826
2007,61.4,1115.6952
2006,61.0,893.8793645
2005,67.0,679.7539949
2004,59.7,565.569459
2003,59.6,477.738478
2002,59.4,412.1517561
2001,58.9,377.5254454
2000,58.6,361.35843
2015,71.6,8818.982566
2014,71.4,9564.46383
2013,71.2,9484.56898
2012,71.3,9272.413453
2011,76.0,8318.97692
2010,73.0,833.31332
2009,70.0,7443.85178
2008,69.8,6858.163158
2007,69.5,5761.39536
2006,69.3,527.92
2005,68.9,3595.8855
2004,68.3,36.48773
2003,68.0,263.1399
2002,67.9,2232.513244
2001,67.7,1598.77512
2000,67.4,1888.61829
2015,58.9,3136.92511
2014,58.4,3464.35169
2013,57.6,3598.75972
2012,56.5,3851.51547
2011,55.0,3934.27325
2010,53.6,369.239336
2009,52.6,332.517125
2008,51.4,2842.438422
2007,50.0,347.48798
2006,47.8,2937.36723
2005,46.0,2873.862141
2004,45.6,2529.633557
2003,45.9,22.99449
2002,46.4,1324.996228
2001,47.1,1437.634951
2000,48.4,1637.4567
2015,82.4,5585.25847
2014,82.3,5918.19898
2013,81.9,6283.24522
2012,81.7,57134.777
2011,81.7,59593.28711
2010,81.5,5276.25591
2009,81.4,4627.592
2008,81.1,55746.84238
2007,89.0,53324.37937
2006,88.0,46256.4716
2005,85.0,4385.35315
2004,83.0,42442.2245
2003,82.0,36961.42537
2002,79.9,29571.7446
2001,79.8,26969.24457
2000,79.6,29283.55
2015,83.4,8989.8424
2014,83.2,85814.58857
2013,83.0,84658.88768
2012,82.7,83164.38795
2011,82.6,87998.44468
2010,82.3,74276.71842
2009,82.1,69672.471
2008,82.0,72119.5687
2007,81.7,63223.46778
2006,81.5,57348.92788
2005,81.1,54797.54663
2004,81.0,53255.97631
2003,85.0,4796.56497
2002,84.0,41336.72192
2001,82.0,38538.64447
2000,79.7,37813.23426
2007,73.8,258.3529
2006,73.7,1762.24617
2005,73.5,1577.457182
2004,73.2,148.852738
2003,73.0,1253.39143
2002,72.8,1263.13455
2001,72.7,1258.421953
2000,72.6,1177.629268
2015,69.7,918.6771543
2014,69.6,114.45919
2013,69.3,14.214412
2012,68.8,954.725253
2011,68.1,834.5412953
2010,67.3,738.3475227
2009,66.7,666.3458569
2008,66.4,76.914128
2007,66.1,52.35956
2006,65.9,44.2872665
2005,65.5,337.359236
2004,65.9,39.281834
2003,65.2,236.314438
2002,64.3,189.3878519
2001,64.0,17.8159721
2000,63.7,138.436633
2015,74.9,5814.863134
2014,74.6,5941.8471
2013,74.5,6171.262444
2012,74.3,5859.915622
2011,74.1,5491.159981
2010,73.9,575.32176
2009,73.7,4212.5492
2008,73.5,4378.68746
2007,73.3,3972.26475
2006,73.0,3368.952576
2005,72.5,2893.651356
2004,71.6,2659.83918
2003,71.7,2358.93629
2002,71.4,296.54617
2001,71.2,1893.145377
2000,71.1,27.564826
2015,68.3,1161.76935
2014,68.0,1153.51578
2013,67.7,117.765674
2012,67.4,1117.77724
2011,67.2,114.56179
2010,66.9,849.8626972
2009,66.6,757.3114436
2008,66.2,643.71911
2007,65.8,524.8959363
2006,64.9,441.53226
2005,63.7,478.331859
2004,62.3,467.5438297
2003,61.0,471.4565823
2002,62.0,48.61552
2001,59.4,56.4249869
2000,58.7,422.28633
2015,59.9,551.138346
2014,59.7,62.1318489
2013,59.4,579.43485
2012,58.9,563.6894247
2011,58.3,562.3393592
2010,57.4,487.9238913
2009,56.7,499.6468713
2008,56.2,513.391914
2007,55.9,42.764743
2006,55.7,377.33629
2005,55.0,372.1721837
2004,54.9,349.9937253
2003,54.7,31.437144
2002,54.7,28.832123
2001,54.6,26.6394652
2000,54.6,26.3932935
2015,73.5,493.775387
2014,73.3,4192.349758
2013,73.2,4266.557174
2012,73.0,451.542462
2011,72.9,445.18866
2010,72.8,3547.59975
2009,72.5,37.846563
2008,72.6,3392.64743
2007,72.5,2932.315883
2006,72.4,2892.522663
2005,72.3,2594.74999
2004,72.2,2284.37858
2003,72.0,229.714718
2002,71.9,1842.44421
2001,71.8,1837.977391
2000,71.6,263.27236
2015,71.2,17321.83373
2014,71.1,19325.24283
2013,71.0,1967.83283
2012,78.0,19152.531
2011,76.0,1953.9767
2010,74.0,16683.94578
2009,71.0,1458.8796
2008,69.9,21188.11857
2007,69.7,1653.1844
2006,69.6,1495.96337
2005,69.5,12323.1275
2004,69.4,129.51914
2003,69.3,884.518666
2002,69.2,749.626612
2001,69.1,6935.721451
2000,69.1,643.947262
2015,75.3,3828.91589
2014,75.1,4271.68172
2013,74.9,4199.47253
2012,74.9,4137.55421
2011,74.8,4256.91279
2010,74.8,414.15177
2009,74.7,4129.977335
2008,74.7,431.9326
2007,74.6,3778.184171
2006,74.4,3371.71231
2005,74.2,3194.562243
2004,74.0,3112.83529
2003,73.7,2761.969249
2002,73.5,2346.5937
2001,73.2,2254.933126
2000,72.9,2213.91488
2015,75.8,1979.52569
2014,75.5,12127.22522
2013,75.2,12542.93565
2012,74.8,1172.3843
2011,74.5,11341.13395
2010,74.2,1672.5693
2009,73.9,936.499911
2008,73.5,185.68975
2007,73.2,979.49246
2006,72.8,834.869161
2005,72.4,7384.354661
2004,72.0,64.72953
2003,71.6,4718.51291
2002,71.2,366.57
2001,78.0,3119.63716
2000,74.0,4316.553895
2015,66.3,6432.668768
2014,66.0,7962.365824
2013,65.4,734.42525
2012,65.6,6675.262954
2011,65.6,5649.978486
2010,65.8,4439.23
2009,65.6,436.459223
2008,64.5,394.467675
2007,64.1,26.371428
2006,63.7,2136.66815
2005,63.3,174.51475
2004,63.5,1453.917166
2003,63.4,1283.885977
2002,63.3,967.917468
2001,64.0,774.4763388
2000,63.8,643.17518
2015,62.3,693.8963829
2014,61.5,719.172669
2013,67.0,662.492293
2012,60.0,647.74741
2011,59.3,584.3962137
2010,58.4,594.9972557
2009,57.5,647.17732
2008,56.3,449.6928183
2007,55.5,41.858631
2006,54.9,336.4593923
2005,53.2,315.788227
2004,51.3,288.236949
2003,51.0,237.9995917
2002,48.8,24.2423229
2001,47.7,234.984775
2000,46.6,257.63369
2015,71.3,2124.662666
2014,78.0,314.658296
2013,71.0,429.71554
2012,77.0,3855.42128
2011,75.0,3569.75727
2010,69.8,2965.142365
2009,69.2,2545.48341
2008,67.7,3891.37823
2007,67.5,368.68998
2006,67.7,233.18831
2005,67.0,1828.717626
2004,67.4,1367.352433
2003,67.6,148.522488
2002,67.6,879.475486
2001,67.7,78.738243
2000,67.5,635.789635
2015,77.1,3911.74689
2014,76.9,44449.7435
2013,76.7,4335.64268
2012,76.5,42112.23565
2011,76.3,4462.3129
2010,76.2,3549.14832
2009,76.0,3372.57517
2008,75.8,45758.9554
2007,75.6,42672.61323
2006,75.4,42372.22166
2005,75.3,39439.8197
2004,75.1,36161.1761
2003,74.9,3323.52318
2002,74.7,31311.35936
2001,74.5,3161.52935
2000,74.2,3371.26869
2015,77.0,15524.84247
2014,76.8,16737.89827
2013,76.8,16881.2568
2012,76.5,1592.6819
2011,77.0,14166.4998
2010,76.3,11938.212
2009,76.6,9415.17386
2008,76.4,962.312164
2007,75.4,79.69746
2006,76.2,5877.87678
2005,75.7,522.951116
2004,75.4,4117.38853
2003,75.4,3622.52284
2002,75.4,488.768855
2001,75.2,6281.37747
2000,75.1,6871.897677
2015,69.4,2137.576852
2014,69.2,25.448414
2013,69.1,197.551233
2012,68.8,174.468298
2011,68.5,1564.966945
2010,68.3,1377.8214
2009,68.0,1213.265328
2008,67.9,182.28625
2007,67.8,83.476942
2006,67.6,654.2838373
2005,67.3,546.776852
2004,67.8,465.1198869
2003,67.2,396.129969
2002,67.1,383.3494997
2001,67.4,456.734892
2000,67.1,558.221144
2015,72.0,285.83414
2014,71.7,3148.36513
2013,71.6,3167.34356
2012,71.4,3158.58688
2011,71.2,3275.91684
2010,71.0,2965.82434
2009,78.0,2643.441423
2008,75.0,2697.961375
2007,73.0,2393.367265
2006,71.0,247.97823
2005,69.9,1886.433359
2004,69.6,1787.94723
2003,69.4,158.52724
2002,69.3,1353.934819
2001,69.1,1362.61731
2000,69.0,1469.849149
2015,61.8,1313.889646
2014,61.1,1738.8822
2013,63.0,185.793359
2012,59.2,1734.93612
2011,58.2,1644.619672
2010,58.0,1463.213573
2009,57.4,1139.11233
2008,55.7,1369.68249
2007,52.6,114.587985
2006,58.0,13.154199
2005,49.3,691.3178164
2004,47.9,53.2772217
2003,46.4,429.1583434
2002,45.5,377.135244
2001,44.6,378.2736238
2000,43.8,341.955625
2015,67.0,118.69383
2014,59.2,127.47462
2013,58.0,111.227396
2012,56.6,955.648466
2011,54.9,839.927936
2010,52.4,713.63562
2009,50.0,65.824121
2008,48.2,325.678573
2007,46.6,396.9982166
2006,45.4,414.796232
2005,44.6,444.76575
2004,44.3,454.366654
2003,44.5,453.3511552
2002,44.8,57.34834
2001,45.3,548.587312
2000,46.0,547.3588785
